,Player,Age,MP,Starts,Min,90s,Gls,Ast,Height,Market Value,Year,Foot_both,Foot_left,Foot_right,Pos_x_DF,Pos_x_FW,Pos_x_GK,Pos_x_MF,Squad_OTHER,Squad_TOP_6,Nation_BRTSH,Nation_EU,Nation_WORLD
0,Patrick van Aanholt,28,29,29,2507,27.9,3,2,176.0,7700000.0,2019.0,0,1,0,1,0,0,0,1,0,0,1,0
1,Max Aarons,19,36,36,3240,36.0,0,1,171.0,22000000.0,2019.0,0,0,1,1,0,0,0,1,0,1,0,0
2,Tammy Abraham,21,34,25,2215,24.6,15,3,190.0,41800000.0,2019.0,0,0,1,0,1,0,0,0,1,1,0,0
3,Adrián,32,11,9,875,9.7,0,0,190.0,1100000.0,2019.0,0,0,1,0,0,1,0,0,1,0,1,0
4,Sergio Agüero,31,24,18,1452,16.1,16,3,173.0,19800000.0,2019.0,0,0,1,0,1,0,0,0,1,0,0,1
5,Nathan Aké,24,29,29,2503,27.8,2,2,180.0,35200000.0,2019.0,0,1,0,1,0,0,0,1,0,0,1,0
6,Nathan Aké,24,29,29,2503,27.8,2,2,180.0,30800000.0,2019.0,0,1,0,1,0,0,0,1,0,0,1,0
7,Marc Albrighton,29,20,9,867,9.6,0,3,175.0,4400000.0,2019.0,0,0,1,1,0,0,0,1,0,1,0,0
8,Toby Alderweireld,30,33,33,2957,32.9,2,2,187.0,12100000.0,2019.0,0,0,1,1,0,0,0,0,1,0,1,0
9,Trent Alexander-Arnold,20,38,35,3175,35.3,4,13,180.0,82500000.0,2019.0,0,0,1,1,0,0,0,0,1,1,0,0
10,Alisson,26,29,29,2543,28.3,0,1,191.0,66000000.0,2019.0,0,0,1,0,0,1,0,0,1,0,0,1
11,Dele Alli,23,25,21,1847,20.5,8,4,188.0,33000000.0,2019.0,0,0,1,0,1,0,0,0,1,1,0,0
12,Miguel Almirón,25,36,35,3021,33.6,4,2,174.0,17600000.0,2019.0,0,1,0,0,1,0,0,1,0,0,0,1
13,Marcos Alonso,28,18,15,1430,15.9,4,2,189.0,13200000.0,2019.0,0,1,0,1,0,0,0,0,1,0,1,0
14,Steven Alzate,20,19,12,1188,13.2,0,0,180.0,6600000.0,2019.0,0,0,1,1,0,0,0,1,0,0,0,1
15,Ibrahim Amadou,26,11,8,759,8.4,0,0,183.0,6050000.0,2019.0,0,0,1,0,0,0,1,1,0,0,1,0
16,Felipe Anderson,26,25,20,1497,16.6,1,4,175.0,11000000.0,2019.0,0,0,1,0,1,0,0,1,0,0,0,1
17,Florin Andone,26,3,1,73,0.8,1,0,180.0,2200000.0,2019.0,0,0,1,0,1,0,0,1,0,0,0,1
18,Michail Antonio,29,24,19,1768,19.6,10,3,180.0,13200000.0,2019.0,0,0,1,0,1,0,0,1,0,0,0,1
19,Stuart Armstrong,27,30,19,1715,19.1,5,3,183.0,8800000.0,2019.0,0,0,1,0,0,0,1,1,0,1,0,0
20,Kepa Arrizabalaga,24,33,33,2970,33.0,0,0,186.0,14300000.0,2019.0,0,0,1,0,0,1,0,0,1,0,1,0
21,Christian Atsu,27,19,6,749,8.3,0,3,165.0,1650000.0,2019.0,0,1,0,0,0,0,1,1,0,0,0,1
22,Pierre-Emerick Aubameyang,30,36,35,3136,34.8,22,3,187.0,27500000.0,2019.0,0,0,1,0,1,0,0,0,1,0,0,1
23,Serge Aurier,26,33,31,2700,30.0,1,5,176.0,22000000.0,2019.0,0,0,1,1,0,0,0,0,1,0,0,1
24,Jordan Ayew,27,37,37,3148,35.0,9,2,182.0,8800000.0,2019.0,0,0,1,0,0,0,1,1,0,0,0,1
25,César Azpilicueta,29,36,36,3229,35.9,2,6,178.0,14300000.0,2019.0,0,0,1,1,0,0,0,0,1,0,1,0
26,Eric Bailly,25,4,1,150,1.7,0,0,187.0,16500000.0,2019.0,0,0,1,1,0,0,0,0,1,0,0,1
27,Fabián Balbuena,27,17,13,1177,13.1,1,0,188.0,5500000.0,2019.0,0,0,1,1,0,0,0,1,0,0,0,1
28,George Baldock,26,38,38,3420,38.0,2,3,178.0,5500000.0,2019.0,0,0,1,1,0,0,0,1,0,1,0,0
29,Phil Bardsley,34,21,21,1890,21.0,0,1,180.0,330000.0,2019.0,0,0,1,1,0,0,0,1,0,1,0,0
30,Ross Barkley,25,21,13,1103,12.3,1,4,185.0,22000000.0,2019.0,0,0,1,0,0,0,1,0,1,1,0,0
31,Ross Barkley,25,21,13,1103,12.3,1,4,185.0,22000000.0,2019.0,0,0,1,0,0,0,1,0,1,1,0,0
32,Ashley Barnes,29,19,17,1352,15.0,6,0,186.0,3850000.0,2019.0,0,0,1,0,1,0,0,1,0,1,0,0
33,Harvey Barnes,21,36,24,2083,23.1,6,8,182.0,38500000.0,2019.0,0,0,1,0,1,0,0,1,0,1,0,0
34,Chris Basham,31,38,38,3242,36.0,0,1,190.0,2200000.0,2019.0,0,0,1,1,0,0,0,1,0,1,0,0
35,Michy Batshuayi,25,16,1,239,2.7,1,1,185.0,11000000.0,2019.0,0,0,1,0,1,0,0,0,1,0,1,0
36,Michy Batshuayi,25,16,1,239,2.7,1,1,185.0,11000000.0,2019.0,0,0,1,0,1,0,0,0,1,0,1,0
37,Jan Bednarek,23,34,34,3057,34.0,1,1,189.0,27500000.0,2019.0,0,0,1,1,0,0,0,1,0,0,1,0
38,Héctor Bellerín,24,15,13,1158,12.9,1,0,178.0,27500000.0,2019.0,0,0,1,1,0,0,0,0,1,0,1,0
39,Christian Benteke,28,24,13,1261,14.0,2,1,190.0,9900000.0,2019.0,0,0,1,0,1,0,0,1,0,0,1,0
40,Sander Berge,21,14,12,943,10.5,1,1,195.0,19800000.0,2019.0,0,0,1,0,0,0,1,1,0,0,1,0
41,Steven Bergwijn,21,14,8,704,7.8,3,1,178.0,24200000.0,2019.0,0,0,1,0,0,0,1,0,1,0,1,0
42,Bernard,26,27,15,1280,14.2,3,2,164.0,13200000.0,2019.0,0,0,1,0,1,0,0,1,0,0,0,1
43,Bernardo,24,14,7,679,7.5,0,0,186.0,4400000.0,2019.0,0,1,0,1,0,0,0,1,0,0,0,1
44,Ryan Bertrand,29,32,31,2742,30.5,1,1,179.0,8800000.0,2019.0,0,1,0,1,0,0,0,1,0,1,0,0
45,Philip Billing,23,34,29,2530,28.1,1,1,193.0,15950000.0,2019.0,0,1,0,0,0,0,1,1,0,0,1,0
46,Yves Bissouma,22,22,15,1259,14.0,1,0,182.0,27500000.0,2019.0,0,0,1,0,0,0,1,1,0,0,0,1
47,Willy Boly,28,22,22,1979,22.0,0,1,195.0,15400000.0,2019.0,0,0,1,1,0,0,0,1,0,0,0,1
48,Jarrod Bowen,22,13,11,917,10.2,1,4,175.0,33000000.0,2019.0,0,1,0,0,1,0,0,1,0,1,0,0
49,Robbie Brady,27,17,5,454,5.0,1,2,176.0,3300000.0,2019.0,0,1,0,0,0,0,1,1,0,1,0,0
50,Jarrad Branthwaite,17,4,2,300,3.3,0,0,195.0,3300000.0,2019.0,0,1,0,1,0,0,0,1,0,1,0,0
51,David Brooks,22,9,8,506,5.6,1,0,173.0,26400000.0,2019.0,0,1,0,0,0,0,1,1,0,1,0,0
52,Josh Brownhill,23,10,9,805,8.9,0,0,179.0,7700000.0,2019.0,0,0,1,0,0,0,1,1,0,1,0,0
53,Dan Burn,27,34,33,2880,32.0,0,0,201.0,5500000.0,2019.0,0,1,0,1,0,0,0,1,0,1,0,0
54,Sam Byram,25,17,15,1293,14.4,0,0,183.0,3080000.0,2019.0,0,0,1,1,0,0,0,1,0,1,0,0
55,Willy Caballero,37,5,5,450,5.0,0,0,186.0,275000.0,2019.0,0,0,1,0,0,1,0,0,1,0,0,1
56,Gary Cahill,33,25,25,2167,24.1,0,1,193.0,1650000.0,2019.0,0,0,1,1,0,0,0,1,0,1,0,0
57,Dominic Calvert-Lewin,22,36,30,2626,29.2,13,1,189.0,49500000.0,2019.0,0,0,1,0,1,0,0,1,0,1,0,0
58,João Cancelo,25,17,13,1208,13.4,0,0,182.0,60500000.0,2019.0,0,0,1,1,0,0,0,0,1,0,1,0
59,Todd Cantwell,21,37,30,2489,27.7,6,2,180.0,22000000.0,2019.0,0,0,1,0,0,0,1,1,0,1,0,0
60,Étienne Capoue,31,30,30,2627,29.2,0,3,189.0,5720000.0,2019.0,0,0,1,0,0,0,1,1,0,0,1,0
61,Andy Carroll,30,19,4,632,7.0,0,4,193.0,1650000.0,2019.0,0,1,0,0,1,0,0,1,0,1,0,0
62,Craig Cathcart,30,29,28,2488,27.6,0,0,189.0,4400000.0,2019.0,0,0,1,1,0,0,0,1,0,0,0,1
63,Dani Ceballos,22,24,18,1692,18.8,0,2,179.0,29700000.0,2019.0,0,0,1,0,0,0,1,0,1,0,1,0
64,Nathaniel Chalobah,24,22,10,930,10.3,0,1,185.0,5280000.0,2019.0,0,0,1,0,0,0,1,1,0,1,0,0
65,Calum Chambers,24,14,13,1102,12.2,1,1,182.0,13200000.0,2019.0,0,0,1,1,0,0,0,0,1,1,0,0
66,Ben Chilwell,22,27,27,2373,26.4,3,3,180.0,49500000.0,2019.0,0,1,0,1,0,0,0,1,0,1,0,0
67,Hamza Choudhury,21,20,10,893,9.9,1,1,178.0,7700000.0,2019.0,0,0,1,0,0,0,1,1,0,1,0,0
68,Andreas Christensen,23,21,21,1751,19.5,0,0,188.0,33000000.0,2019.0,0,0,1,1,0,0,0,0,1,0,1,0
69,Ciaran Clark,29,14,14,1186,13.2,2,0,188.0,3300000.0,2019.0,0,1,0,1,0,0,0,1,0,1,0,0
70,Tom Cleverley,29,18,11,971,10.8,1,0,175.0,5280000.0,2019.0,0,0,1,0,0,0,1,1,0,1,0,0
71,Conor Coady,26,38,38,3420,38.0,0,0,185.0,27500000.0,2019.0,0,0,1,1,0,0,0,1,0,1,0,0
72,Aaron Connolly,19,24,14,1258,14.0,3,1,175.0,7700000.0,2019.0,0,0,1,0,1,0,0,1,0,1,0,0
73,Lewis Cook,22,27,14,1352,15.0,0,0,175.0,17600000.0,2019.0,0,0,1,0,0,0,1,1,0,1,0,0
74,Steve Cook,28,29,28,2428,27.0,1,0,185.0,10450000.0,2019.0,0,0,1,1,0,0,0,1,0,1,0,0
75,Jack Cork,30,30,30,2613,29.0,0,0,185.0,5500000.0,2019.0,0,0,1,0,0,0,1,1,0,1,0,0
76,Aaron Cresswell,29,31,31,2727,30.3,3,0,170.0,5500000.0,2019.0,0,1,0,1,0,0,0,1,0,1,0,0
77,Patrick Cutrone,21,12,3,297,3.3,2,0,183.0,9900000.0,2019.0,0,0,1,0,1,0,0,1,0,0,1,0
78,Diogo Dalot,20,4,1,67,0.7,0,0,183.0,11000000.0,2019.0,0,0,1,0,0,0,1,0,1,0,1,0
79,Charlie Daniels,32,2,2,126,1.4,0,0,178.0,1760000.0,2019.0,0,1,0,1,0,0,0,1,0,1,0,0
80,Scott Dann,32,16,14,1266,14.1,0,1,194.0,1650000.0,2019.0,0,0,1,1,0,0,0,1,0,1,0,0
81,Ben Davies,26,18,16,1431,15.9,0,0,185.0,3300000.0,2019.0,0,1,0,1,0,0,0,0,1,1,0,0
82,Ben Davies,26,18,16,1431,15.9,0,0,181.0,17600000.0,2019.0,0,1,0,1,0,0,0,0,1,1,0,0
83,Tom Davies,21,30,23,2027,22.5,1,0,180.0,19800000.0,2019.0,0,0,1,0,0,0,1,1,0,1,0,0
84,Keinan Davis,21,18,4,548,6.1,0,0,189.0,3300000.0,2019.0,0,1,0,0,1,0,0,1,0,1,0,0
85,Craig Dawson,29,29,26,2361,26.2,2,0,188.0,5500000.0,2019.0,0,0,1,1,0,0,0,1,0,1,0,0
86,Craig Dawson,29,29,26,2361,26.2,2,0,188.0,5280000.0,2019.0,0,0,1,1,0,0,0,1,0,1,0,0
87,Kevin De Bruyne,28,35,32,2791,31.0,13,20,181.0,110000000.0,2019.0,0,0,1,0,0,0,1,0,1,0,1,0
88,Troy Deeney,31,27,26,2225,24.7,10,2,184.0,7150000.0,2019.0,0,0,1,0,1,0,0,1,0,1,0,0
89,Fabian Delph,29,16,13,1190,13.2,0,0,174.0,3850000.0,2019.0,0,1,0,0,0,0,1,1,0,1,0,0
90,Leander Dendoncker,24,38,32,2795,31.1,4,0,188.0,33000000.0,2019.0,0,0,1,1,0,0,0,1,0,0,1,0
91,Gerard Deulofeu,25,28,25,2098,23.3,4,5,177.0,22000000.0,2019.0,0,0,1,0,1,0,0,1,0,0,1,0
92,Eric Dier,25,19,15,1344,14.9,0,2,188.0,24200000.0,2019.0,0,0,1,0,0,0,1,0,1,1,0,0
93,Lucas Digne,26,35,35,3030,33.7,0,7,178.0,38500000.0,2019.0,0,1,0,1,0,0,0,1,0,0,1,0
94,Virgil van Dijk,28,38,38,3420,38.0,5,1,193.0,60500000.0,2019.0,0,0,1,1,0,0,0,0,1,0,1,0
95,Issa Diop,22,32,31,2766,30.7,3,1,194.0,19800000.0,2019.0,0,0,1,1,0,0,0,1,0,0,1,0
96,Moussa Djenepo,21,18,10,928,10.3,2,2,177.0,14300000.0,2019.0,0,0,1,1,0,0,0,1,0,0,0,1
97,Matt Doherty,27,36,32,2839,31.5,4,3,185.0,17600000.0,2019.0,0,0,1,1,0,0,0,1,0,1,0,0
98,Abdoulaye Doucouré,26,37,36,3156,35.1,4,2,183.0,27500000.0,2019.0,0,0,1,0,0,0,1,1,0,0,1,0
99,Abdoulaye Doucouré,26,37,36,3156,35.1,4,2,183.0,22000000.0,2019.0,0,0,1,0,0,0,1,1,0,0,1,0
100,Ondrej Duda,24,10,9,724,8.0,0,0,181.0,11550000.0,2019.0,0,0,1,0,0,0,1,1,0,0,1,0
101,Shane Duffy,27,19,12,1238,13.8,1,0,193.0,5500000.0,2019.0,0,0,1,1,0,0,0,1,0,1,0,0
102,Paul Dummett,27,16,14,1228,13.6,0,0,183.0,3300000.0,2019.0,0,1,0,1,0,0,0,1,0,1,0,0
103,Lewis Dunk,27,36,36,3230,35.9,3,3,192.0,27500000.0,2019.0,0,0,1,1,0,0,0,1,0,1,0,0
104,Ederson,25,35,35,3071,34.1,0,0,188.0,55000000.0,2019.0,0,1,0,0,0,1,0,0,1,0,0,1
105,John Egan,26,36,36,3187,35.4,2,0,185.0,9900000.0,2019.0,0,0,1,1,0,0,0,1,0,1,0,0
106,Harvey Elliott,16,2,0,8,0.1,0,0,170.0,16500000.0,2019.0,0,1,0,1,0,0,0,0,1,1,0,0
107,Ahmed Elmohamady,31,18,11,1031,11.5,1,1,182.0,1650000.0,2019.0,0,0,1,1,0,0,0,1,0,0,0,1
108,Björn Engels,24,17,15,1447,16.1,1,0,194.0,3300000.0,2019.0,0,0,1,1,0,0,0,1,0,0,1,0
109,Jonny Evans,31,38,38,3383,37.6,1,1,188.0,7700000.0,2019.0,1,0,0,1,0,0,0,1,0,0,0,1
110,Fabinho,25,28,22,2079,23.1,2,3,188.0,66000000.0,2019.0,0,0,1,0,0,0,1,0,1,0,0,1
111,Ralf Fährmann,30,1,1,21,0.2,0,0,197.0,1760000.0,2019.0,0,0,1,0,0,1,0,1,0,0,1,0
112,Akin Famewo,20,1,0,1,0.0,0,0,188.0,28000.0,2019.0,0,1,0,0,0,0,1,1,0,1,0,0
113,Kiko Femenía,28,28,26,2237,24.9,0,0,171.0,5280000.0,2019.0,0,0,1,1,0,0,0,1,0,0,1,0
114,Bruno Fernandes,24,14,14,1186,13.2,8,7,179.0,99000000.0,2019.0,0,0,1,0,0,0,1,0,1,0,1,0
115,Gedson Fernandes,20,7,0,68,0.8,0,0,182.0,13750000.0,2019.0,0,0,1,1,0,0,0,0,1,0,1,0
116,Federico Fernández,30,32,29,2620,29.1,2,2,190.0,3300000.0,2019.0,0,0,1,1,0,0,0,1,0,0,0,1
117,Fernandinho,34,30,26,2397,26.6,0,1,179.0,2200000.0,2019.0,0,0,1,1,0,0,0,0,1,0,0,1
118,Roberto Firmino,27,38,34,2988,33.2,9,8,181.0,55000000.0,2019.0,0,0,1,0,1,0,0,0,1,0,0,1
119,John Fleck,27,30,28,2516,28.0,5,2,169.0,5500000.0,2019.0,0,1,0,0,0,0,1,1,0,1,0,0
120,Phil Foden,19,23,9,901,10.0,5,2,171.0,88000000.0,2019.0,0,1,0,0,0,0,1,0,1,1,0,0
121,Pablo Fornals,23,36,24,2172,24.1,2,5,178.0,19800000.0,2019.0,0,0,1,0,1,0,0,1,0,0,1,0
122,Ben Foster,36,38,38,3420,38.0,0,0,193.0,1320000.0,2019.0,0,1,0,0,0,1,0,1,0,1,0,0
123,Timothy Fosu-Mensah,21,3,2,136,1.5,0,0,185.0,4400000.0,2019.0,0,0,1,1,0,0,0,0,1,0,1,0
124,Dimitri Foulquier,26,3,1,59,0.7,0,0,183.0,2200000.0,2019.0,0,0,1,0,0,0,1,1,0,0,1,0
125,Simon Francis,34,15,10,969,10.8,0,0,191.0,880000.0,2019.0,0,0,1,1,0,0,0,1,0,1,0,0
126,Ryan Fraser,25,28,21,2067,23.0,1,4,163.0,11000000.0,2019.0,0,0,1,0,1,0,0,1,0,1,0,0
127,Ryan Fraser,25,28,21,2067,23.0,1,4,163.0,19250000.0,2019.0,0,0,1,0,1,0,0,1,0,1,0,0
128,Fred,26,29,23,2163,24.0,0,0,169.0,24200000.0,2019.0,0,1,0,0,0,0,1,0,1,0,0,1
129,Ryan Fredericks,26,27,25,2237,24.9,0,3,181.0,2750000.0,2019.0,0,0,1,1,0,0,0,1,0,1,0,0
130,Luke Freeman,27,11,3,366,4.1,0,0,176.0,2200000.0,2019.0,0,1,0,0,0,0,1,1,0,1,0,0
131,Christian Fuchs,33,11,8,772,8.6,0,0,187.0,880000.0,2019.0,0,1,0,1,0,0,0,1,0,0,1,0
132,Eric García,18,13,8,793,8.8,0,0,182.0,22000000.0,2019.0,0,0,1,1,0,0,0,0,1,0,1,0
133,Dwight Gayle,28,20,10,850,9.4,4,2,174.0,4400000.0,2019.0,0,0,1,0,1,0,0,1,0,1,0,0
134,Paulo Gazzaniga,27,18,17,1613,17.9,0,0,196.0,3300000.0,2019.0,0,0,1,0,0,1,0,0,1,0,0,1
135,Jean-Philippe Gbamin,23,2,1,136,1.5,0,0,186.0,16500000.0,2019.0,0,0,1,0,0,0,1,1,0,0,0,1
136,David de Gea,28,38,38,3420,38.0,0,0,189.0,19800000.0,2019.0,0,0,1,0,0,1,0,0,1,0,1,0
137,Anwar El Ghazi,24,34,26,2051,22.8,4,4,189.0,14300000.0,2019.0,0,0,1,0,0,0,1,1,0,0,1,0
138,Morgan Gibbs-White,19,7,1,129,1.4,0,0,178.0,7700000.0,2019.0,0,0,1,0,1,0,0,1,0,1,0,0
139,Billy Gilmour,18,6,2,194,2.2,0,0,170.0,11000000.0,2019.0,0,0,1,0,0,0,1,0,1,1,0,0
140,Olivier Giroud,32,18,12,993,11.0,8,0,193.0,4400000.0,2019.0,0,1,0,0,1,0,0,0,1,0,1,0
141,Ben Godfrey,21,30,30,2644,29.4,0,0,186.0,27500000.0,2019.0,0,0,1,1,0,0,0,1,0,1,0,0
142,Ben Godfrey,21,30,30,2644,29.4,0,0,186.0,12650000.0,2019.0,0,0,1,1,0,0,0,1,0,1,0,0
143,André Gomes,26,19,17,1458,16.2,0,1,188.0,22000000.0,2019.0,0,0,1,0,0,0,1,1,0,0,1,0
144,Joe Gomez,22,28,22,2004,22.3,0,0,188.0,33000000.0,2019.0,0,0,1,1,0,0,0,0,1,1,0,0
145,Anthony Gordon,18,11,4,440,4.9,0,1,182.0,5500000.0,2019.0,0,0,1,0,1,0,0,1,0,1,0,0
146,Dan Gosling,29,24,14,1264,14.0,3,1,180.0,2200000.0,2019.0,0,0,1,0,0,0,1,1,0,1,0,0
147,Andre Gray,28,23,7,755,8.4,2,0,178.0,10450000.0,2019.0,0,0,1,0,1,0,0,1,0,0,0,1
148,Demarai Gray,23,21,3,622,6.9,2,3,183.0,8800000.0,2019.0,0,0,1,0,1,0,0,1,0,1,0,0
149,Jack Grealish,23,36,36,3233,35.9,8,6,180.0,71500000.0,2019.0,0,0,1,0,0,0,1,1,0,1,0,0
150,Mason Greenwood,17,31,12,1320,14.7,10,1,181.0,55000000.0,2019.0,1,0,0,0,1,0,0,0,1,1,0,0
151,Pascal Groß,28,29,22,1796,20.0,2,4,181.0,7700000.0,2019.0,0,0,1,0,0,0,1,1,0,0,1,0
152,Vicente Guaita,32,35,35,3150,35.0,0,0,190.0,2200000.0,2019.0,0,0,1,0,0,1,0,1,0,0,1,0
153,Angus Gunn,23,10,10,900,10.0,0,0,196.0,3300000.0,2019.0,0,0,1,0,0,1,0,1,0,1,0,0
154,Sébastien Haller,25,32,24,2266,25.2,7,1,190.0,29700000.0,2019.0,0,0,1,0,1,0,0,1,0,0,0,1
155,Grant Hanley,27,15,14,1262,14.0,0,0,188.0,2200000.0,2019.0,0,0,1,1,0,0,0,1,0,1,0,0
156,Kortney Hause,24,18,17,1545,17.2,1,0,191.0,5500000.0,2019.0,0,1,0,1,0,0,0,1,0,1,0,0
157,Isaac Hayden,24,29,26,2223,24.7,1,2,186.0,11000000.0,2019.0,0,0,1,0,0,0,1,1,0,1,0,0
158,Tom Heaton,33,20,20,1794,19.9,0,0,188.0,1100000.0,2019.0,0,0,1,0,0,1,0,1,0,1,0,0
159,Dean Henderson,22,36,36,3240,36.0,0,0,188.0,24200000.0,2019.0,0,0,1,0,0,1,0,1,0,1,0,0
160,Jordan Henderson,29,30,26,2238,24.9,4,5,187.0,22000000.0,2019.0,0,0,1,0,0,0,1,0,1,1,0,0
161,Jeff Hendrick,27,24,22,1931,21.5,2,2,185.0,9900000.0,2019.0,0,0,1,0,0,0,1,1,0,1,0,0
162,Wayne Hennessey,32,3,3,270,3.0,0,0,197.0,1100000.0,2019.0,0,0,1,0,0,1,0,1,0,1,0,0
163,Onel Hernández,26,26,14,1384,15.4,1,2,172.0,3520000.0,2019.0,0,0,1,0,0,0,1,1,0,0,0,1
164,Rob Holding,23,8,6,581,6.5,0,0,189.0,19800000.0,2019.0,0,0,1,1,0,0,0,0,1,1,0,0
165,Mason Holgate,22,27,24,2054,22.8,0,3,187.0,22000000.0,2019.0,0,0,1,1,0,0,0,1,0,1,0,0
166,Conor Hourihane,28,27,18,1534,17.0,3,5,181.0,3850000.0,2019.0,0,1,0,0,0,0,1,1,0,1,0,0
167,Callum Hudson-Odoi,18,22,7,863,9.6,1,5,177.0,35200000.0,2019.0,0,0,1,0,1,0,0,0,1,1,0,0
168,Will Hughes,24,30,27,2252,25.0,1,1,185.0,15950000.0,2019.0,0,1,0,0,1,0,0,1,0,1,0,0
169,Jordon Ibe,23,2,0,50,0.6,0,0,176.0,5280000.0,2019.0,0,0,1,1,0,0,0,1,0,1,0,0
170,Adam Idah,18,12,1,228,2.5,0,0,190.0,990000.0,2019.0,0,0,1,0,0,0,1,1,0,1,0,0
171,Odion Ighalo,30,11,0,101,1.1,0,0,181.0,3850000.0,2019.0,0,0,1,0,1,0,0,0,1,0,0,1
172,Kelechi Iheanacho,22,20,12,960,10.7,5,3,185.0,22000000.0,2019.0,0,1,0,0,0,0,1,1,0,0,0,1
173,Danny Ings,27,38,32,2804,31.2,22,2,178.0,24200000.0,2019.0,0,0,1,0,1,0,0,1,0,1,0,0
174,Alex Iwobi,23,25,19,1596,17.7,1,0,183.0,24200000.0,2019.0,0,0,1,0,1,0,0,1,0,0,0,1
175,Phil Jagielka,36,6,2,244,2.7,0,0,180.0,275000.0,2019.0,0,0,1,1,0,0,0,1,0,1,0,0
176,Alireza Jahanbakhsh,25,10,3,311,3.5,2,0,180.0,5500000.0,2019.0,0,0,1,0,0,0,1,1,0,0,0,1
177,Daniel James,21,33,26,2287,25.4,3,6,170.0,19800000.0,2019.0,0,0,1,0,1,0,0,0,1,1,0,0
178,Matty James,28,1,0,6,0.1,0,0,181.0,1100000.0,2019.0,0,0,1,0,0,0,1,1,0,1,0,0
179,Reece James,19,24,16,1515,16.8,0,2,180.0,44000000.0,2019.0,0,0,1,1,0,0,0,0,1,1,0,0
180,Daryl Janmaat,30,8,7,607,6.7,0,1,185.0,4400000.0,2019.0,0,0,1,1,0,0,0,1,0,0,1,0
181,Gabriel Jesus,22,34,21,2030,22.6,14,7,175.0,66000000.0,2019.0,0,0,1,0,1,0,0,0,1,0,0,1
182,Raúl Jiménez,28,38,37,3236,36.0,17,6,188.0,30800000.0,2019.0,0,0,1,0,1,0,0,1,0,0,0,1
183,Joelinton,22,38,32,2683,29.8,2,2,186.0,18700000.0,2019.0,0,0,1,0,1,0,0,1,0,0,0,1
184,Ben Johnson,19,3,3,270,3.0,0,0,175.0,3300000.0,2019.0,0,0,1,1,0,0,0,1,0,1,0,0
185,Curtis Jones,18,6,1,126,1.4,1,0,185.0,33000000.0,2019.0,0,0,1,0,0,0,1,0,1,1,0,0
186,Phil Jones,27,2,2,135,1.5,0,0,185.0,5500000.0,2019.0,0,0,1,1,0,0,0,0,1,1,0,0
187,Jorginho,27,31,27,2379,26.4,4,2,180.0,44000000.0,2019.0,0,0,1,0,0,0,1,0,1,0,1,0
188,Diogo Jota,22,34,27,2284,25.4,7,1,178.0,49500000.0,2019.0,0,0,1,0,0,0,1,1,0,0,1,0
189,Diogo Jota,22,34,27,2284,25.4,7,1,178.0,49500000.0,2019.0,0,0,1,0,0,0,1,1,0,0,1,0
190,James Justin,21,13,11,1012,11.2,0,1,183.0,18700000.0,2019.0,0,0,1,1,0,0,0,1,0,1,0,0
191,Christian Kabasele,28,27,26,2250,25.0,0,2,187.0,7150000.0,2019.0,0,0,1,1,0,0,0,1,0,0,1,0
192,Harry Kane,26,29,29,2587,28.7,18,2,188.0,132000000.0,2019.0,0,0,1,0,1,0,0,0,1,1,0,0
193,N'Golo Kanté,28,22,20,1732,19.2,3,0,168.0,60500000.0,2019.0,0,0,1,0,0,0,1,0,1,0,1,0
194,Moise Kean,19,29,6,852,9.5,2,2,183.0,38500000.0,2019.0,0,0,1,0,1,0,0,1,0,0,1,0
195,Michael Keane,26,31,28,2559,28.4,2,0,188.0,27500000.0,2019.0,0,0,1,1,0,0,0,1,0,1,0,0
196,Naby Keïta,24,18,9,815,9.1,2,3,172.0,35200000.0,2019.0,0,0,1,0,0,0,1,0,1,0,0,1
197,Lloyd Kelly,20,8,7,639,7.1,0,0,190.0,8800000.0,2019.0,0,1,0,1,0,0,0,1,0,1,0,0
198,Martin Kelly,29,19,17,1549,17.2,0,1,191.0,1650000.0,2019.0,0,0,1,1,0,0,0,1,0,1,0,0
199,Max Kilman,22,3,2,185,2.1,0,0,192.0,4950000.0,2019.0,0,1,0,1,0,0,0,1,0,1,0,0
200,Joshua King,27,26,24,2011,22.3,6,4,187.0,8800000.0,2019.0,0,0,1,0,0,0,1,1,0,0,1,0
201,Joshua King,27,26,24,2011,22.3,6,4,187.0,17600000.0,2019.0,0,0,1,0,0,0,1,1,0,0,1,0
202,Timm Klose,31,7,7,585,6.5,0,0,195.0,2200000.0,2019.0,0,0,1,1,0,0,0,1,0,0,1,0
203,Ezri Konsa,21,25,24,2039,22.7,1,2,183.0,27500000.0,2019.0,0,0,1,1,0,0,0,1,0,1,0,0
204,Cheikhou Kouyaté,29,35,29,2528,28.1,1,1,189.0,6600000.0,2019.0,0,0,1,1,0,0,0,1,0,0,0,1
205,Emil Krafth,24,17,11,1020,11.3,0,1,184.0,3850000.0,2019.0,0,0,1,1,0,0,0,1,0,0,1,0
206,Tim Krul,31,36,36,3240,36.0,0,0,193.0,4400000.0,2019.0,0,1,0,0,0,1,0,1,0,0,1,0
207,Alexandre Lacazette,28,30,22,1874,20.8,10,4,176.0,30800000.0,2019.0,0,0,1,0,1,0,0,0,1,0,1,0
208,Adam Lallana,31,15,3,382,4.2,1,1,172.0,4400000.0,2019.0,1,0,0,0,1,0,0,0,1,1,0,0
209,Tariq Lamptey,18,1,0,32,0.4,0,0,163.0,19800000.0,2019.0,0,0,1,1,0,0,0,0,1,1,0,0
210,Tariq Lamptey,18,8,7,588,6.5,0,1,163.0,19800000.0,2019.0,0,0,1,1,0,0,0,1,0,1,0,0
211,Henri Lansbury,28,10,2,195,2.2,0,0,183.0,1100000.0,2019.0,0,0,1,0,1,0,0,1,0,1,0,0
212,Manuel Lanzini,26,24,14,1379,15.3,0,2,167.0,11000000.0,2019.0,0,0,1,0,1,0,0,1,0,0,0,1
213,Aymeric Laporte,25,15,14,1097,12.2,1,0,189.0,49500000.0,2019.0,0,1,0,1,0,0,0,0,1,0,1,0
214,Jamaal Lascelles,25,24,24,2076,23.1,1,0,188.0,14300000.0,2019.0,0,0,1,1,0,0,0,1,0,1,0,0
215,Moritz Leitner,26,9,7,685,7.6,0,0,178.0,2640000.0,2019.0,0,0,1,0,0,0,1,1,0,0,1,0
216,Bernd Leno,27,30,30,2649,29.4,0,0,190.0,24200000.0,2019.0,0,0,1,0,0,1,0,0,1,0,1,0
217,Jefferson Lerma,24,33,31,2703,30.0,1,2,179.0,22000000.0,2019.0,0,0,1,0,0,0,1,1,0,0,0,1
218,Jamal Lewis,21,28,25,2304,25.6,1,0,178.0,16500000.0,2019.0,0,1,0,1,0,0,0,1,0,0,0,1
219,Jamal Lewis,21,28,25,2304,25.6,1,0,178.0,12100000.0,2019.0,0,1,0,1,0,0,0,1,0,0,0,1
220,Victor Lindelöf,25,35,35,3092,34.4,1,0,187.0,26400000.0,2019.0,0,0,1,1,0,0,0,0,1,0,1,0
221,Jesse Lingard,26,22,9,935,10.4,1,0,174.0,24200000.0,2019.0,0,0,1,0,1,0,0,0,1,1,0,0
222,Jesse Lingard,26,22,9,935,10.4,1,0,174.0,24200000.0,2019.0,0,0,1,0,1,0,0,0,1,1,0,0
223,Hugo Lloris,32,21,21,1807,20.1,0,0,188.0,9900000.0,2019.0,0,1,0,0,0,1,0,0,1,0,1,0
224,Giovani Lo Celso,23,28,15,1492,16.6,0,2,177.0,29700000.0,2019.0,0,1,0,0,1,0,0,0,1,0,0,1
225,Ruben Loftus-Cheek,23,7,2,208,2.3,0,1,190.0,19800000.0,2019.0,0,0,1,0,1,0,0,0,1,1,0,0
226,Ruben Loftus-Cheek,23,7,2,208,2.3,0,1,190.0,19800000.0,2019.0,0,0,1,0,1,0,0,0,1,1,0,0
227,Kevin Long,28,8,6,564,6.3,0,0,188.0,1100000.0,2019.0,0,0,1,1,0,0,0,1,0,1,0,0
228,Shane Long,32,26,15,1395,15.5,2,2,180.0,1320000.0,2019.0,1,0,0,0,1,0,0,1,0,1,0,0
229,Sean Longstaff,21,23,14,1378,15.3,1,1,181.0,16500000.0,2019.0,0,0,1,0,0,0,1,1,0,1,0,0
230,Matthew Lowton,30,17,17,1530,17.0,0,1,180.0,2750000.0,2019.0,0,0,1,1,0,0,0,1,0,1,0,0
231,David Luiz,32,33,32,2809,31.2,2,1,189.0,4400000.0,2019.0,0,0,1,1,0,0,0,0,1,0,0,1
232,Douglas Luiz,21,36,28,2612,29.0,3,2,177.0,38500000.0,2019.0,0,0,1,0,0,0,1,1,0,0,0,1
233,John Lundstram,25,34,26,2458,27.3,5,3,181.0,7700000.0,2019.0,0,0,1,0,0,0,1,1,0,1,0,0
234,Alexis Mac Allister,20,9,4,352,3.9,0,0,174.0,11000000.0,2019.0,0,0,1,0,1,0,0,1,0,0,0,1
235,James Maddison,22,31,29,2624,29.2,6,3,175.0,60500000.0,2019.0,0,0,1,0,0,0,1,1,0,1,0,0
236,Harry Maguire,26,38,38,3420,38.0,1,1,194.0,49500000.0,2019.0,0,0,1,1,0,0,0,0,1,1,0,0
237,Riyad Mahrez,28,33,21,1944,21.6,11,9,179.0,46200000.0,2019.0,0,1,0,0,0,0,1,0,1,0,0,1
238,Ainsley Maitland-Niles,21,20,15,1386,15.4,0,2,180.0,17600000.0,2019.0,0,0,1,1,0,0,0,0,1,1,0,0
239,Ainsley Maitland-Niles,21,20,15,1386,15.4,0,2,180.0,17600000.0,2019.0,0,0,1,1,0,0,0,0,1,1,0,0
240,Sadio Mané,27,35,31,2747,30.5,18,7,174.0,93500000.0,2019.0,0,0,1,0,1,0,0,0,1,0,0,1
241,Javier Manquillo,25,21,18,1599,17.8,0,1,178.0,3300000.0,2019.0,0,0,1,1,0,0,0,1,0,0,1,0
242,Solly March,25,19,11,1143,12.7,0,1,180.0,9900000.0,2019.0,0,1,0,0,1,0,0,1,0,1,0,0
243,Pablo Marí,25,2,2,113,1.3,0,0,193.0,7700000.0,2019.0,0,1,0,1,0,0,0,0,1,0,1,0
244,Adrian Mariappa,32,20,15,1513,16.8,0,0,179.0,1760000.0,2019.0,0,0,1,1,0,0,0,1,0,0,0,1
245,Anthony Martial,23,32,31,2624,29.2,17,6,181.0,49500000.0,2019.0,0,0,1,0,1,0,0,0,1,0,1,0
246,David Martin,33,5,4,436,4.8,0,0,188.0,275000.0,2019.0,0,0,1,0,0,1,0,1,0,1,0,0
247,Emiliano Martínez,26,9,8,771,8.6,0,0,195.0,33000000.0,2019.0,0,0,1,0,0,1,0,0,1,0,0,1
248,Emiliano Martínez,26,9,8,771,8.6,0,0,195.0,33000000.0,2019.0,0,0,1,0,0,1,0,0,1,0,0,1
249,Adam Masina,25,26,20,1821,20.2,1,0,191.0,6050000.0,2019.0,0,1,0,1,0,0,0,1,0,0,0,1
250,Arthur Masuaku,25,17,10,937,10.4,0,1,179.0,7700000.0,2019.0,0,1,0,1,0,0,0,1,0,0,0,1
251,Juan Mata,31,19,8,758,8.4,0,2,170.0,4400000.0,2019.0,0,1,0,0,1,0,0,0,1,0,1,0
252,Neal Maupay,22,37,30,2766,30.7,10,3,173.0,22000000.0,2019.0,0,0,1,0,1,0,0,1,0,0,1,0
253,James McArthur,31,37,37,3090,34.3,0,3,178.0,2200000.0,2019.0,1,0,0,0,0,0,1,1,0,1,0,0
254,Oliver McBurnie,23,36,24,2113,23.5,6,0,188.0,11000000.0,2019.0,0,0,1,0,1,0,0,1,0,1,0,0
255,Alex McCarthy,29,28,28,2520,28.0,0,0,193.0,5500000.0,2019.0,0,0,1,0,0,1,0,1,0,1,0,0
256,James McCarthy,28,33,16,1680,18.7,0,0,180.0,3300000.0,2019.0,0,0,1,0,0,0,1,1,0,1,0,0
257,John McGinn,24,28,27,2312,25.7,3,3,178.0,33000000.0,2019.0,0,1,0,0,0,0,1,1,0,1,0,0
258,David McGoldrick,31,28,22,1815,20.2,2,2,184.0,1650000.0,2019.0,0,0,1,0,1,0,0,1,0,1,0,0
259,Michael McGovern,35,2,1,159,1.8,0,0,190.0,330000.0,2019.0,0,0,1,0,0,1,0,1,0,0,0,1
260,Kenny McLean,27,37,32,2968,33.0,1,1,180.0,3850000.0,2019.0,0,1,0,0,0,0,1,1,0,1,0,0
261,Dwight McNeil,19,38,38,3338,37.1,2,6,183.0,24200000.0,2019.0,0,1,0,0,0,0,1,1,0,1,0,0
262,Scott McTominay,22,27,20,1772,19.7,4,1,191.0,38500000.0,2019.0,0,0,1,0,0,0,1,0,1,1,0,0
263,Ben Mee,29,32,32,2880,32.0,1,1,180.0,6600000.0,2019.0,0,1,0,1,0,0,0,1,0,1,0,0
264,Benjamin Mendy,25,19,18,1492,16.6,0,2,185.0,22000000.0,2019.0,0,1,0,1,0,0,0,0,1,0,1,0
265,Nampalys Mendy,27,7,4,291,3.2,0,0,167.0,8800000.0,2019.0,0,0,1,0,0,0,1,1,0,0,0,1
266,Chris Mepham,21,12,10,912,10.1,1,0,191.0,8800000.0,2019.0,0,0,1,1,0,0,0,1,0,1,0,0
267,Max Meyer,23,17,6,655,7.3,0,0,173.0,1650000.0,2019.0,0,0,1,0,1,0,0,1,0,0,1,0
268,James Milner,33,22,9,937,10.4,2,2,175.0,3300000.0,2019.0,0,0,1,1,0,0,0,0,1,1,0,0
269,Yerry Mina,24,29,25,2284,25.4,2,1,195.0,22000000.0,2019.0,0,0,1,1,0,0,0,1,0,0,0,1
270,Takumi Minamino,24,10,2,249,2.8,0,0,174.0,13200000.0,2019.0,0,0,1,0,0,0,1,0,1,0,0,1
271,Takumi Minamino,24,10,2,249,2.8,0,0,174.0,13200000.0,2019.0,0,0,1,0,0,0,1,0,1,0,0,1
272,Tyrone Mings,26,33,33,2902,32.2,2,2,195.0,33000000.0,2019.0,0,1,0,1,0,0,0,1,0,1,0,0
273,Tyrick Mitchell,19,4,2,195,2.2,0,0,175.0,7700000.0,2019.0,0,1,0,1,0,0,0,1,0,1,0,0
274,Simon Moore,29,2,2,180,2.0,0,0,191.0,440000.0,2019.0,0,0,1,0,0,1,0,1,0,1,0,0
275,Wes Morgan,35,11,4,436,4.8,0,0,185.0,440000.0,2019.0,0,0,1,1,0,0,0,1,0,0,0,1
276,Mason Mount,20,37,32,2867,31.9,7,5,180.0,82500000.0,2019.0,0,0,1,0,1,0,0,0,1,1,0,0
277,Lucas Moura,26,35,25,2242,24.9,4,4,172.0,27500000.0,2019.0,0,0,1,0,0,0,1,0,1,0,0,1
278,Lys Mousset,23,30,11,1240,13.8,6,4,184.0,9900000.0,2019.0,0,0,1,0,1,0,0,1,0,0,1,0
279,João Moutinho,32,38,34,3108,34.5,1,6,170.0,4400000.0,2019.0,0,0,1,0,0,0,1,1,0,0,1,0
280,Shkodran Mustafi,27,15,13,1207,13.4,0,1,184.0,2750000.0,2019.0,0,0,1,1,0,0,0,0,1,0,1,0
281,Marvelous Nakamba,25,29,19,1836,20.4,0,0,177.0,7700000.0,2019.0,0,1,0,0,0,0,1,1,0,0,0,1
282,Wilfred Ndidi,22,32,29,2674,29.7,2,1,183.0,66000000.0,2019.0,0,0,1,0,0,0,1,1,0,0,0,1
283,Reiss Nelson,19,17,7,631,7.0,1,0,175.0,9900000.0,2019.0,0,0,1,0,1,0,0,0,1,1,0,0
284,Pedro Neto,19,29,9,939,10.4,3,3,172.0,38500000.0,2019.0,0,1,0,0,0,0,1,1,0,0,1,0
285,Rúben Neves,22,38,35,3056,34.0,2,2,180.0,49500000.0,2019.0,0,0,1,0,0,0,1,1,0,0,1,0
286,Eddie Nketiah,20,13,7,633,7.0,2,0,180.0,17600000.0,2019.0,0,0,1,0,1,0,0,0,1,1,0,0
287,Mark Noble,32,33,32,2674,29.7,4,3,180.0,2200000.0,2019.0,0,0,1,0,0,0,1,1,0,1,0,0
288,Oliver Norwood,28,38,37,3090,34.3,1,1,175.0,5500000.0,2019.0,0,0,1,0,0,0,1,1,0,0,0,1
289,Jack O'Connell,25,33,32,2916,32.4,0,1,191.0,5500000.0,2019.0,0,1,0,1,0,0,0,1,0,1,0,0
290,Michael Obafemi,19,21,8,665,7.4,3,2,170.0,3300000.0,2019.0,0,0,1,0,1,0,0,1,0,1,0,0
291,Angelo Ogbonna,31,31,31,2786,31.0,2,0,191.0,2750000.0,2019.0,0,1,0,1,0,0,0,1,0,0,1,0
292,Divock Origi,24,28,7,717,8.0,4,1,185.0,13200000.0,2019.0,0,0,1,0,1,0,0,0,1,0,1,0
293,Ben Osborn,24,13,6,594,6.6,0,0,176.0,2200000.0,2019.0,0,1,0,1,0,0,0,1,0,1,0,0
294,Nicolás Otamendi,31,24,18,1715,19.1,2,0,183.0,8800000.0,2019.0,0,0,1,1,0,0,0,0,1,0,0,1
295,Alex Oxlade-Chamberlain,25,30,17,1485,16.5,4,1,175.0,19800000.0,2019.0,0,0,1,0,1,0,0,0,1,1,0,0
296,Rui Patrício,31,38,38,3420,38.0,0,0,190.0,11000000.0,2019.0,0,1,0,0,0,1,0,1,0,0,1,0
297,João Pedro,17,3,0,25,0.3,0,0,182.0,19800000.0,2019.0,0,0,1,0,0,0,1,1,0,0,0,1
298,Nicolas Pépé,24,31,22,2010,22.3,5,6,183.0,38500000.0,2019.0,0,1,0,0,1,0,0,0,1,0,0,1
299,Ricardo Pereira,25,28,28,2520,28.0,3,2,175.0,33000000.0,2019.0,0,0,1,1,0,0,0,1,0,0,1,0
300,Roberto Pereyra,28,28,17,1648,18.3,3,0,182.0,9900000.0,2019.0,1,0,0,0,0,0,1,1,0,0,0,1
301,Ayoze Pérez,26,33,26,2004,22.3,8,4,178.0,19800000.0,2019.0,0,0,1,0,1,0,0,1,0,0,1,0
302,Jordan Pickford,25,38,38,3420,38.0,0,0,185.0,24200000.0,2019.0,0,1,0,0,0,1,0,1,0,1,0,0
303,Brandon Pierrick,17,2,0,15,0.2,0,0,182.0,275000.0,2019.0,0,0,1,0,1,0,0,1,0,1,0,0
304,Erik Pieters,30,24,21,1878,20.9,0,4,183.0,1650000.0,2019.0,0,1,0,0,0,0,1,1,0,0,1,0
305,Daniel Podence,23,9,3,289,3.2,1,0,165.0,27500000.0,2019.0,0,0,1,0,0,0,1,1,0,0,1,0
306,Paul Pogba,26,16,13,1204,13.4,1,3,191.0,66000000.0,2019.0,1,0,0,0,0,0,1,0,1,0,1,0
307,Nick Pope,27,38,38,3420,38.0,0,0,198.0,16500000.0,2019.0,0,0,1,0,0,1,0,1,0,1,0,0
308,Dennis Praet,25,27,12,1134,12.6,1,2,181.0,19800000.0,2019.0,0,0,1,0,0,0,1,1,0,0,1,0
309,Sebastian Prödl,32,1,1,56,0.6,0,0,194.0,1320000.0,2019.0,0,0,1,1,0,0,0,1,0,0,1,0
310,Davy Pröpper,27,35,32,2829,31.4,1,2,185.0,8800000.0,2019.0,0,0,1,0,0,0,1,1,0,0,1,0
311,Teemu Pukki,29,36,33,2886,32.1,11,3,180.0,8800000.0,2019.0,0,0,1,0,1,0,0,1,0,0,1,0
312,Christian Pulisic,20,25,19,1722,19.1,9,4,177.0,55000000.0,2019.0,0,0,1,0,1,0,0,0,1,0,0,1
313,Ignacio Pussetto,23,7,0,74,0.8,0,0,180.0,7150000.0,2019.0,0,0,1,1,0,0,0,1,0,0,0,1
314,Domingos Quina,19,4,0,22,0.2,0,0,173.0,3520000.0,2019.0,0,0,1,0,0,0,1,1,0,0,1,0
315,Aaron Ramsdale,21,37,37,3330,37.0,0,1,191.0,13200000.0,2019.0,0,0,1,0,0,1,0,1,0,1,0,0
316,Aaron Ramsdale,21,37,37,3330,37.0,0,1,191.0,13750000.0,2019.0,0,0,1,0,0,1,0,1,0,1,0,0
317,Darren Randolph,32,2,2,180,2.0,0,0,187.0,1650000.0,2019.0,0,0,1,0,0,1,0,1,0,1,0,0
318,Marcus Rashford,21,31,31,2643,29.4,17,7,185.0,93500000.0,2019.0,0,0,1,0,1,0,0,0,1,1,0,0
319,Nathan Redmond,25,32,32,2762,30.7,4,4,173.0,19800000.0,2019.0,0,0,1,0,1,0,0,1,0,1,0,0
320,Declan Rice,20,38,38,3420,38.0,1,3,185.0,71500000.0,2019.0,0,0,1,0,0,0,1,1,0,1,0,0
321,Richarlison,22,36,36,3070,34.1,13,3,184.0,60500000.0,2019.0,0,0,1,0,1,0,0,1,0,0,0,1
322,Diego Rico,26,27,27,2332,25.9,0,4,183.0,8800000.0,2019.0,0,1,0,1,0,0,0,1,0,0,1,0
323,Matt Ritchie,29,18,14,1315,14.6,2,1,173.0,3300000.0,2019.0,0,1,0,0,0,0,1,1,0,1,0,0
324,Patrick Roberts,22,3,0,26,0.3,0,0,167.0,2200000.0,2019.0,0,1,0,0,0,0,1,1,0,1,0,0
325,Patrick Roberts,22,3,0,26,0.3,0,0,167.0,3080000.0,2019.0,0,1,0,0,0,0,1,1,0,1,0,0
326,Andrew Robertson,25,36,34,3111,34.6,2,12,178.0,71500000.0,2019.0,0,1,0,1,0,0,0,0,1,1,0,0
327,Callum Robinson,24,16,9,676,7.5,1,1,178.0,6600000.0,2019.0,0,0,1,0,0,0,1,1,0,1,0,0
328,Jack Robinson,25,6,6,504,5.6,0,0,180.0,2200000.0,2019.0,0,1,0,1,0,0,0,1,0,1,0,0
329,Rodri,23,35,29,2486,27.6,3,2,191.0,77000000.0,2019.0,0,0,1,0,0,0,1,0,1,0,1,0
330,Jack Rodwell,28,1,0,16,0.2,0,0,188.0,880000.0,2019.0,0,0,1,0,0,0,1,1,0,1,0,0
331,Oriol Romeu,27,30,20,1860,20.7,0,0,183.0,6600000.0,2019.0,0,0,1,0,0,0,1,1,0,0,1,0
332,Danny Rose,29,12,10,893,9.9,0,0,173.0,3300000.0,2019.0,0,1,0,1,0,0,0,0,1,1,0,0
333,Danny Rose,29,11,10,863,9.6,0,0,173.0,3300000.0,2019.0,0,1,0,1,0,0,0,1,0,1,0,0
334,Antonio Rüdiger,26,20,19,1710,19.0,2,0,190.0,30800000.0,2019.0,0,0,1,1,0,0,0,0,1,0,1,0
335,Lukas Rupp,28,12,8,695,7.7,0,0,178.0,2640000.0,2019.0,0,0,1,0,0,0,1,1,0,0,1,0
336,Mathew Ryan,27,38,38,3420,38.0,0,0,184.0,6600000.0,2019.0,0,0,1,0,0,1,0,1,0,0,0,1
337,Mathew Ryan,27,38,38,3420,38.0,0,0,184.0,6600000.0,2019.0,0,0,1,0,0,1,0,1,0,0,0,1
338,Allan Saint-Maximin,22,26,23,1863,20.7,3,4,173.0,33000000.0,2019.0,0,0,1,0,1,0,0,1,0,0,1,0
339,Romain Saïss,29,33,31,2705,30.1,2,1,188.0,11000000.0,2019.0,0,1,0,1,0,0,0,1,0,0,0,1
340,Bukayo Saka,17,26,19,1753,19.5,1,5,178.0,71500000.0,2019.0,0,1,0,0,1,0,0,0,1,1,0,0
341,Mamadou Sakho,29,14,11,931,10.3,0,0,187.0,6600000.0,2019.0,0,1,0,1,0,0,0,1,0,0,1,0
342,Mohamed Salah,27,34,33,2876,32.0,19,10,175.0,110000000.0,2019.0,0,1,0,0,1,0,0,0,1,0,0,1
343,Davinson Sánchez,23,29,27,2431,27.0,0,0,187.0,35200000.0,2019.0,0,0,1,1,0,0,0,0,1,0,0,1
344,Fabian Schär,27,22,18,1672,18.6,2,0,186.0,9900000.0,2019.0,0,0,1,0,0,0,1,1,0,0,1,0
345,Jeffrey Schlupp,26,17,11,1036,11.5,3,1,178.0,9900000.0,2019.0,0,1,0,0,0,0,1,1,0,0,0,1
346,Kasper Schmeichel,32,38,38,3420,38.0,0,0,189.0,6600000.0,2019.0,0,0,1,0,0,1,0,1,0,0,1,0
347,Ryan Sessegnon,19,6,4,342,3.8,0,0,178.0,19800000.0,2019.0,0,1,0,1,0,0,0,0,1,1,0,0
348,Xherdan Shaqiri,27,7,2,185,2.1,1,0,169.0,13200000.0,2019.0,0,1,0,0,0,0,1,0,1,0,1,0
349,Billy Sharp,33,25,10,1051,11.7,3,2,175.0,550000.0,2019.0,0,0,1,0,1,0,0,1,0,1,0,0
350,Luke Shaw,24,24,20,1733,19.3,0,0,178.0,38500000.0,2019.0,0,1,0,1,0,0,0,0,1,1,0,0
351,Jonjo Shelvey,27,26,25,2119,23.5,6,2,184.0,14300000.0,2019.0,0,0,1,0,0,0,1,1,0,1,0,0
352,Bernardo Silva,24,34,23,2030,22.6,6,7,173.0,77000000.0,2019.0,0,1,0,0,0,0,1,0,1,0,1,0
353,Jack Simpson,22,4,1,241,2.7,0,0,190.0,1320000.0,2019.0,0,1,0,1,0,0,0,1,0,1,0,0
354,Moussa Sissoko,29,29,28,2452,27.2,2,1,187.0,11000000.0,2019.0,0,0,1,0,0,0,1,0,1,0,1,0
355,Oliver Skipp,18,7,1,77,0.9,0,0,175.0,11000000.0,2019.0,0,0,1,1,0,0,0,0,1,1,0,0
356,Adam Smith,28,24,24,2055,22.8,0,1,174.0,7700000.0,2019.0,0,0,1,1,0,0,0,1,0,1,0,0
357,Robert Snodgrass,31,24,17,1509,16.8,5,5,182.0,1650000.0,2019.0,0,1,0,0,1,0,0,1,0,1,0,0
358,Robert Snodgrass,31,24,17,1509,16.8,5,5,182.0,1650000.0,2019.0,0,1,0,0,1,0,0,1,0,1,0,0
359,Cédric Soares,27,16,16,1306,14.5,0,1,171.0,6600000.0,2019.0,0,0,1,1,0,0,0,1,0,0,1,0
360,Cédric Soares,27,5,3,249,2.8,1,0,171.0,6600000.0,2019.0,0,0,1,1,0,0,0,0,1,0,1,0
361,Dominic Solanke,21,32,17,1651,18.3,3,1,186.0,13200000.0,2019.0,0,0,1,0,0,0,1,1,0,1,0,0
362,Dennis Srbeny,25,8,0,47,0.5,1,0,190.0,880000.0,2019.0,0,0,1,0,1,0,0,1,0,0,1,0
363,Jack Stacey,23,19,17,1549,17.2,0,2,180.0,3520000.0,2019.0,0,0,1,1,0,0,0,1,0,1,0,0
364,Junior Stanislas,29,15,7,712,7.9,3,0,183.0,2200000.0,2019.0,0,0,1,1,0,0,0,1,0,1,0,0
365,Jed Steer,26,1,1,7,0.1,0,0,183.0,880000.0,2019.0,0,1,0,0,0,1,0,1,0,1,0,0
366,Dale Stephens,30,33,28,2530,28.1,0,1,185.0,2750000.0,2019.0,0,0,1,0,0,0,1,1,0,1,0,0
367,Dale Stephens,30,33,28,2530,28.1,0,1,185.0,2750000.0,2019.0,0,0,1,0,0,0,1,1,0,1,0,0
368,Jack Stephens,25,28,27,2451,27.2,1,3,185.0,5500000.0,2019.0,0,0,1,1,0,0,0,1,0,1,0,0
369,Raheem Sterling,24,33,30,2651,29.5,20,1,170.0,99000000.0,2019.0,0,0,1,0,1,0,0,0,1,1,0,0
370,Enda Stevens,29,38,38,3345,37.2,2,4,183.0,3850000.0,2019.0,0,1,0,1,0,0,0,1,0,1,0,0
371,Marco Stiepermann,28,24,14,1180,13.1,0,0,190.0,3520000.0,2019.0,0,1,0,0,0,0,1,1,0,0,1,0
372,John Stones,25,16,12,1122,12.5,0,0,188.0,33000000.0,2019.0,0,0,1,1,0,0,0,0,1,1,0,0
373,Isaac Success,23,5,0,70,0.8,0,0,182.0,3520000.0,2019.0,0,0,1,0,0,0,1,1,0,0,0,1
374,Andrew Surman,32,5,2,235,2.6,0,0,178.0,1760000.0,2019.0,0,1,0,0,0,0,1,1,0,1,0,0
375,Sam Surridge,21,4,0,27,0.3,0,0,190.0,495000.0,2019.0,0,0,1,0,0,0,1,1,0,1,0,0
376,Japhet Tanganga,20,6,6,525,5.8,0,0,184.0,8800000.0,2019.0,0,0,1,1,0,0,0,0,1,1,0,0
377,Matt Targett,23,28,27,2291,25.5,1,2,183.0,18700000.0,2019.0,0,1,0,1,0,0,0,1,0,1,0,0
378,James Tarkowski,26,38,38,3420,38.0,2,2,185.0,27500000.0,2019.0,0,0,1,1,0,0,0,1,0,1,0,0
379,Charlie Taylor,25,24,22,1945,21.6,0,1,176.0,4400000.0,2019.0,0,1,0,1,0,0,0,1,0,1,0,0
380,Neil Taylor,30,14,11,1091,12.1,0,0,176.0,1650000.0,2019.0,0,1,0,1,0,0,0,1,0,1,0,0
381,Nathan Tella,20,1,0,3,0.0,0,0,173.0,2200000.0,2019.0,0,0,1,0,1,0,0,1,0,1,0,0
382,Alexander Tettey,33,30,28,2338,26.0,1,1,181.0,1760000.0,2019.0,0,0,1,1,0,0,0,1,0,0,1,0
383,Luke Thomas,18,3,3,267,3.0,0,1,181.0,5500000.0,2019.0,0,1,0,1,0,0,0,1,0,1,0,0
384,Youri Tielemans,22,37,32,2828,31.4,3,6,176.0,60500000.0,2019.0,0,0,1,0,0,0,1,1,0,0,1,0
385,Kieran Tierney,22,15,12,989,11.0,1,1,180.0,35200000.0,2019.0,0,1,0,1,0,0,0,0,1,1,0,0
386,James Tomkins,30,18,18,1582,17.6,1,1,192.0,2750000.0,2019.0,0,0,1,1,0,0,0,1,0,1,0,0
387,Fikayo Tomori,21,15,15,1291,14.3,1,0,184.0,30800000.0,2019.0,0,0,1,1,0,0,0,0,1,1,0,0
388,Cenk Tosun,28,5,2,291,3.2,1,0,183.0,5500000.0,2019.0,0,0,1,0,1,0,0,1,0,0,1,0
389,Cenk Tosun,28,5,2,177,2.0,1,0,183.0,5500000.0,2019.0,0,0,1,0,1,0,0,1,0,0,1,0
390,Andros Townsend,28,24,14,1294,14.4,1,1,181.0,7700000.0,2019.0,0,1,0,0,0,0,1,1,0,1,0,0
391,Adama Traoré,23,37,27,2605,28.9,4,9,178.0,33000000.0,2019.0,0,0,1,0,0,0,1,1,0,0,1,0
392,Mark Travers,20,1,1,90,1.0,0,0,191.0,275000.0,2019.0,0,0,1,0,0,1,0,1,0,1,0,0
393,Leandro Trossard,24,31,22,2011,22.3,5,3,172.0,18700000.0,2019.0,0,0,1,0,0,0,1,1,0,0,1,0
394,Tom Trybull,26,16,14,1130,12.6,0,0,181.0,3520000.0,2019.0,0,0,1,0,0,0,1,1,0,0,1,0
395,Axel Tuanzebe,21,5,2,189,2.1,0,0,185.0,8800000.0,2019.0,0,0,1,1,0,0,0,0,1,1,0,0
396,Yan Valery,20,11,10,779,8.7,0,0,180.0,3300000.0,2019.0,0,0,1,1,0,0,0,1,0,0,1,0
397,Jamie Vardy,32,35,34,3033,33.7,23,5,179.0,7700000.0,2019.0,0,0,1,0,1,0,0,1,0,1,0,0
398,Jannik Vestergaard,26,19,17,1497,16.6,1,0,199.0,19800000.0,2019.0,1,0,0,1,0,0,0,1,0,0,1,0
399,Rúben Vinagre,20,16,6,652,7.2,0,0,174.0,5500000.0,2019.0,0,1,0,1,0,0,0,1,0,0,1,0
400,Jake Vokins,19,1,1,90,1.0,0,0,180.0,275000.0,2019.0,0,1,0,1,0,0,0,1,0,1,0,0
401,Theo Walcott,30,25,17,1287,14.3,2,3,175.0,5500000.0,2019.0,1,0,0,0,1,0,0,1,0,1,0,0
402,Theo Walcott,30,25,17,1287,14.3,2,3,175.0,5500000.0,2019.0,1,0,0,0,1,0,0,1,0,1,0,0
403,Kyle Walker,29,29,28,2392,26.6,1,4,183.0,30800000.0,2019.0,0,0,1,1,0,0,0,0,1,1,0,0
404,Kyle Walker-Peters,22,10,7,703,7.8,0,0,173.0,19800000.0,2019.0,0,0,1,1,0,0,0,1,0,1,0,0
405,Kyle Walker-Peters,22,3,3,241,2.7,0,0,173.0,19800000.0,2019.0,0,0,1,1,0,0,0,0,1,1,0,0
406,Aaron Wan-Bissaka,21,35,34,3070,34.1,0,4,183.0,44000000.0,2019.0,0,0,1,1,0,0,0,0,1,1,0,0
407,Joel Ward,29,29,27,2382,26.5,0,0,186.0,2750000.0,2019.0,0,0,1,1,0,0,0,1,0,1,0,0
408,James Ward-Prowse,24,38,38,3420,38.0,5,3,177.0,33000000.0,2019.0,0,0,1,1,0,0,0,1,0,1,0,0
409,Adam Webster,24,31,31,2668,29.6,3,1,190.0,19800000.0,2019.0,0,0,1,1,0,0,0,1,0,1,0,0
410,Danny Welbeck,28,18,8,822,9.1,2,0,185.0,4400000.0,2019.0,0,0,1,0,0,0,1,1,0,1,0,0
411,Danny Welbeck,28,18,8,822,9.1,2,0,185.0,6050000.0,2019.0,0,0,1,0,0,0,1,1,0,1,0,0
412,Ashley Westwood,29,35,35,3150,35.0,2,6,174.0,5500000.0,2019.0,0,0,1,0,0,0,1,1,0,1,0,0
413,Connor Wickham,26,6,0,96,1.1,1,1,189.0,1100000.0,2019.0,0,0,1,0,0,0,1,1,0,1,0,0
414,Georginio Wijnaldum,28,37,35,2935,32.6,4,0,175.0,33000000.0,2019.0,0,0,1,0,0,0,1,0,1,0,1,0
415,Brandon Williams,18,17,11,1006,11.2,1,0,180.0,11000000.0,2019.0,0,0,1,1,0,0,0,0,1,1,0,0
416,Neco Williams,18,6,3,230,2.6,0,0,183.0,8800000.0,2019.0,0,0,1,1,0,0,0,0,1,1,0,0
417,Willian,30,36,29,2600,28.9,9,7,175.0,9900000.0,2019.0,0,0,1,0,1,0,0,0,1,0,0,1
418,Joe Willock,19,29,8,857,9.5,1,1,186.0,17600000.0,2019.0,0,0,1,0,1,0,0,0,1,1,0,0
419,Joe Willock,19,29,8,857,9.5,1,1,186.0,17600000.0,2019.0,0,0,1,0,1,0,0,0,1,1,0,0
420,Jack Wilshere,27,8,2,215,2.4,0,0,172.0,2750000.0,2019.0,0,1,0,0,0,0,1,1,0,1,0,0
421,Callum Wilson,27,35,32,2908,32.3,8,1,180.0,24200000.0,2019.0,0,0,1,0,1,0,0,1,0,1,0,0
422,Callum Wilson,27,35,32,2908,32.3,8,1,180.0,26400000.0,2019.0,0,0,1,0,1,0,0,1,0,1,0,0
423,Harry Wilson,22,31,20,1646,18.3,7,0,173.0,18700000.0,2019.0,0,1,0,0,1,0,0,1,0,1,0,0
424,Harry Wilson,22,31,20,1646,18.3,7,0,173.0,19250000.0,2019.0,0,1,0,0,1,0,0,1,0,1,0,0
425,Harry Winks,23,31,26,2221,24.7,0,0,178.0,22000000.0,2019.0,0,0,1,0,0,0,1,0,1,1,0,0
426,Chris Wood,27,32,29,2437,27.1,14,1,191.0,8800000.0,2019.0,0,0,1,0,1,0,0,1,0,0,0,1
427,Granit Xhaka,26,31,30,2586,28.7,1,2,186.0,24200000.0,2019.0,0,1,0,0,0,0,1,0,1,0,1,0
428,Andriy Yarmolenko,29,23,10,991,11.0,5,1,189.0,4400000.0,2019.0,0,1,0,0,1,0,0,1,0,0,1,0
429,DeAndre Yedlin,26,16,10,938,10.4,1,0,173.0,5500000.0,2019.0,0,0,1,1,0,0,0,1,0,0,0,1
430,Wilfried Zaha,26,38,37,3280,36.4,4,3,180.0,49500000.0,2019.0,0,0,1,0,1,0,0,1,0,0,0,1
431,Christoph Zimmermann,26,17,16,1430,15.9,0,1,194.0,3080000.0,2019.0,0,0,1,1,0,0,0,1,0,0,1,0
432,Oleksandr Zinchenko,22,19,13,1276,14.2,0,0,175.0,27500000.0,2019.0,0,1,0,1,0,0,0,0,1,0,1,0
433,Kurt Zouma,24,28,25,2344,26.0,0,0,190.0,35200000.0,2019.0,0,0,1,1,0,0,0,0,1,0,1,0
434,Patrick van Aanholt,29,22,20,1777,19.7,0,1,176.0,7700000.0,2020.0,0,1,0,1,0,0,0,1,0,0,1,0
435,Tammy Abraham,22,22,12,1040,11.6,6,1,190.0,41800000.0,2020.0,0,0,1,0,1,0,0,0,1,1,0,0
436,Tosin Adarabioyo,22,33,33,2953,32.8,0,0,196.0,13200000.0,2020.0,0,0,1,1,0,0,0,1,0,1,0,0
437,Adrián,33,3,3,270,3.0,0,0,190.0,1100000.0,2020.0,0,0,1,0,0,1,0,0,1,0,1,0
438,Sergio Agüero,32,12,7,559,6.2,4,1,173.0,19800000.0,2020.0,0,0,1,0,0,0,1,0,1,0,0,1
439,Ola Aina,23,31,31,2664,29.6,2,1,184.0,6600000.0,2020.0,0,0,1,1,0,0,0,1,0,0,0,1
440,Rayan Aït Nouri,19,21,16,1404,15.6,1,1,179.0,19800000.0,2020.0,0,1,0,1,0,0,0,1,0,0,1,0
441,Semi Ajayi,26,33,31,2780,30.9,2,0,193.0,6600000.0,2020.0,0,0,1,1,0,0,0,1,0,0,0,1
442,Nathan Aké,25,10,9,797,8.9,1,0,180.0,35200000.0,2020.0,0,1,0,1,0,0,0,0,1,0,1,0
443,Nathan Aké,25,10,9,797,8.9,1,0,180.0,30800000.0,2020.0,0,1,0,1,0,0,0,0,1,0,1,0
444,Marc Albrighton,30,31,17,1746,19.4,1,5,175.0,4400000.0,2020.0,0,0,1,0,1,0,0,1,0,1,0,0
445,Toby Alderweireld,31,25,25,2240,24.9,1,0,187.0,12100000.0,2020.0,0,0,1,1,0,0,0,0,1,0,1,0
446,Rúnar Alex Rúnarsson,25,1,0,16,0.2,0,0,186.0,1650000.0,2020.0,0,0,1,0,0,1,0,0,1,0,0,1
447,Trent Alexander-Arnold,21,36,34,3031,33.7,2,7,180.0,82500000.0,2020.0,0,0,1,1,0,0,0,0,1,1,0,0
448,Ezgjan Alioski,28,36,29,2461,27.3,2,3,171.0,5500000.0,2020.0,0,1,0,1,0,0,0,1,0,0,0,1
449,Alisson,27,33,33,2970,33.0,1,0,191.0,66000000.0,2020.0,0,0,1,0,0,1,0,0,1,0,0,1
450,Allan,29,24,23,2051,22.8,0,0,175.0,24200000.0,2020.0,0,0,1,0,0,0,1,1,0,0,0,1
451,Dele Alli,24,15,7,620,6.9,0,1,188.0,33000000.0,2020.0,0,0,1,0,0,0,1,0,1,1,0,0
452,Miguel Almirón,26,34,28,2429,27.0,4,1,174.0,17600000.0,2020.0,0,1,0,0,1,0,0,1,0,0,0,1
453,Marcos Alonso,29,13,11,960,10.7,2,0,189.0,13200000.0,2020.0,0,1,0,1,0,0,0,0,1,0,1,0
454,Steven Alzate,21,15,10,896,10.0,1,0,180.0,6600000.0,2020.0,0,0,1,1,0,0,0,1,0,0,0,1
455,Daniel Amartey,25,12,8,722,8.0,1,0,186.0,5500000.0,2020.0,0,0,1,1,0,0,0,1,0,0,0,1
456,Ethan Ampadu,19,25,23,2089,23.2,0,0,182.0,16500000.0,2020.0,0,0,1,0,0,0,1,1,0,1,0,0
457,Ethan Ampadu,19,25,23,2089,23.2,0,0,182.0,16500000.0,2020.0,0,0,1,0,0,0,1,1,0,1,0,0
458,Joachim Andersen,24,31,30,2730,30.3,1,1,192.0,24200000.0,2020.0,0,0,1,1,0,0,0,1,0,0,1,0
459,Elliot Anderson,17,1,0,4,0.0,0,0,179.0,220000.0,2020.0,0,0,1,0,0,0,1,1,0,1,0,0
460,Felipe Anderson,27,2,0,3,0.0,0,0,175.0,11000000.0,2020.0,0,0,1,0,0,0,1,1,0,0,0,1
461,Michail Antonio,30,26,24,1974,21.9,10,5,180.0,13200000.0,2020.0,0,0,1,0,1,0,0,1,0,0,0,1
462,Alphonse Areola,27,36,36,3240,36.0,0,0,195.0,18700000.0,2020.0,0,0,1,0,0,1,0,1,0,0,1,0
463,Stuart Armstrong,28,33,32,2764,30.7,4,5,183.0,8800000.0,2020.0,0,0,1,0,0,0,1,1,0,1,0,0
464,Kepa Arrizabalaga,25,7,6,585,6.5,0,0,186.0,14300000.0,2020.0,0,0,1,0,0,1,0,0,1,0,1,0
465,Pierre-Emerick Aubameyang,31,29,26,2332,25.9,10,3,187.0,27500000.0,2020.0,0,0,1,0,1,0,0,0,1,0,0,1
466,Serge Aurier,27,19,19,1605,17.8,2,3,176.0,22000000.0,2020.0,0,0,1,1,0,0,0,0,1,0,0,1
467,Charlie Austin,31,5,0,138,1.5,0,0,188.0,2200000.0,2020.0,0,0,1,0,1,0,0,1,0,1,0,0
468,Jordan Ayew,28,33,23,2096,23.3,1,3,182.0,8800000.0,2020.0,0,0,1,0,0,0,1,1,0,0,0,1
469,Luke Ayling,28,38,38,3399,37.8,0,0,183.0,5500000.0,2020.0,0,0,1,1,0,0,0,1,0,1,0,0
470,César Azpilicueta,30,26,24,2188,24.3,1,2,178.0,14300000.0,2020.0,0,0,1,1,0,0,0,0,1,0,1,0
471,Eric Bailly,26,12,10,916,10.2,0,0,187.0,16500000.0,2020.0,0,0,1,1,0,0,0,0,1,0,0,1
472,Fabián Balbuena,28,14,13,1198,13.3,1,0,188.0,5500000.0,2020.0,0,0,1,1,0,0,0,1,0,0,0,1
473,George Baldock,27,32,32,2787,31.0,0,2,178.0,5500000.0,2020.0,0,0,1,1,0,0,0,1,0,1,0,0
474,Gareth Bale,31,20,10,920,10.2,11,2,185.0,19800000.0,2020.0,0,1,0,0,1,0,0,0,1,1,0,0
475,Patrick Bamford,26,38,37,3050,33.9,17,7,185.0,24200000.0,2020.0,0,1,0,0,1,0,0,1,0,1,0,0
476,Phil Bardsley,35,4,3,274,3.0,0,0,180.0,330000.0,2020.0,0,0,1,1,0,0,0,1,0,1,0,0
477,Ross Barkley,26,24,18,1531,17.0,3,1,185.0,22000000.0,2020.0,0,0,1,0,0,0,1,1,0,1,0,0
478,Ross Barkley,26,24,18,1531,17.0,3,1,185.0,22000000.0,2020.0,0,0,1,0,0,0,1,1,0,1,0,0
479,Ross Barkley,26,2,0,42,0.5,0,0,185.0,22000000.0,2020.0,0,0,1,0,0,0,1,0,1,1,0,0
480,Ross Barkley,26,2,0,42,0.5,0,0,185.0,22000000.0,2020.0,0,0,1,0,0,0,1,0,1,1,0,0
481,Ashley Barnes,30,22,15,1331,14.8,3,0,186.0,3850000.0,2020.0,0,0,1,0,1,0,0,1,0,1,0,0
482,Harvey Barnes,22,25,22,1945,21.6,9,4,182.0,38500000.0,2020.0,0,0,1,0,0,0,1,1,0,1,0,0
483,Kyle Bartley,29,30,28,2584,28.7,3,1,194.0,2750000.0,2020.0,0,0,1,1,0,0,0,1,0,1,0,0
484,Chris Basham,32,31,31,2576,28.6,0,1,190.0,2200000.0,2020.0,0,0,1,0,0,0,1,1,0,1,0,0
485,Michy Batshuayi,26,18,7,728,8.1,2,1,185.0,11000000.0,2020.0,0,0,1,0,1,0,0,1,0,0,1,0
486,Michy Batshuayi,26,18,7,728,8.1,2,1,185.0,11000000.0,2020.0,0,0,1,0,1,0,0,1,0,0,1,0
487,Jan Bednarek,24,36,36,3100,34.4,1,1,189.0,27500000.0,2020.0,0,0,1,1,0,0,0,1,0,0,1,0
488,Donny van de Beek,23,19,4,524,5.8,1,1,184.0,33000000.0,2020.0,0,0,1,0,1,0,0,0,1,0,1,0
489,Héctor Bellerín,25,25,24,2089,23.2,1,2,178.0,27500000.0,2020.0,0,0,1,1,0,0,0,0,1,0,1,0
490,Saïd Benrahma,24,30,14,1391,15.5,1,6,172.0,24200000.0,2020.0,0,0,1,0,0,0,1,1,0,0,0,1
491,Josh Benson,20,6,2,264,2.9,0,0,175.0,440000.0,2020.0,0,0,1,0,0,0,1,1,0,1,0,0
492,Christian Benteke,29,30,21,1816,20.2,10,1,190.0,9900000.0,2020.0,0,0,1,0,1,0,0,1,0,0,1,0
493,Gaetano Berardi,31,2,1,113,1.3,0,0,179.0,330000.0,2020.0,0,0,1,1,0,0,0,1,0,0,1,0
494,Sander Berge,22,15,13,1120,12.4,1,1,195.0,19800000.0,2020.0,0,0,1,0,0,0,1,1,0,0,1,0
495,Steven Bergwijn,22,21,13,1208,13.4,1,3,178.0,24200000.0,2020.0,0,0,1,0,0,0,1,0,1,0,1,0
496,Bernard,27,12,3,455,5.1,1,0,164.0,13200000.0,2020.0,0,0,1,0,1,0,0,1,0,0,0,1
497,Bernardo,25,3,2,206,2.3,0,0,186.0,4400000.0,2020.0,0,1,0,0,0,0,1,1,0,0,0,1
498,Ryan Bertrand,30,29,29,2598,28.9,0,1,179.0,8800000.0,2020.0,0,1,0,1,0,0,0,1,0,1,0,0
499,Yves Bissouma,23,36,35,3111,34.6,1,0,182.0,27500000.0,2020.0,0,0,1,0,0,0,1,1,0,0,0,1
500,Jayden Bogle,20,16,12,1110,12.3,2,0,178.0,7700000.0,2020.0,0,0,1,1,0,0,0,1,0,1,0,0
501,Willy Boly,29,21,21,1879,20.9,1,1,195.0,15400000.0,2020.0,0,0,1,1,0,0,0,1,0,0,0,1
502,Jarrod Bowen,23,38,30,2562,28.5,8,5,175.0,33000000.0,2020.0,0,1,0,0,0,0,1,1,0,1,0,0
503,Robbie Brady,28,19,12,1052,11.7,1,1,176.0,3300000.0,2020.0,0,1,0,0,0,0,1,1,0,1,0,0
504,Rhian Brewster,20,27,12,1128,12.5,0,0,180.0,13200000.0,2020.0,0,0,1,0,1,0,0,1,0,1,0,0
505,Rhian Brewster,20,27,12,1128,12.5,0,0,180.0,13200000.0,2020.0,0,0,1,0,1,0,0,1,0,1,0,0
506,Nathan Broadhead,22,1,0,3,0.0,0,0,178.0,550000.0,2020.0,0,0,1,0,0,0,1,1,0,1,0,0
507,Josh Brownhill,24,33,32,2813,31.3,0,1,179.0,7700000.0,2020.0,0,0,1,0,0,0,1,1,0,1,0,0
508,Joe Bryan,26,16,7,669,7.4,1,0,173.0,5500000.0,2020.0,0,1,0,0,1,0,0,1,0,1,0,0
509,Kean Bryan,23,13,12,1004,11.2,1,0,185.0,2200000.0,2020.0,0,1,0,1,0,0,0,1,0,1,0,0
510,Oliver Burke,23,25,14,1269,14.1,1,1,188.0,6600000.0,2020.0,0,0,1,0,1,0,0,1,0,1,0,0
511,Dan Burn,28,27,23,2061,22.9,1,0,201.0,5500000.0,2020.0,0,1,0,1,0,0,0,1,0,1,0,0
512,Jack Butland,27,1,1,90,1.0,0,0,196.0,2200000.0,2020.0,0,0,1,0,0,1,0,1,0,1,0,0
513,David Button,31,1,1,90,1.0,0,0,191.0,1100000.0,2020.0,0,0,1,0,0,1,0,1,0,1,0,0
514,Oskar Buur,22,1,0,22,0.2,0,0,180.0,330000.0,2020.0,0,0,1,1,0,0,0,1,0,0,1,0
515,Willy Caballero,38,1,1,90,1.0,0,0,186.0,275000.0,2020.0,0,0,1,0,0,1,0,0,1,0,0,1
516,Gary Cahill,34,20,20,1800,20.0,1,1,193.0,1650000.0,2020.0,0,0,1,1,0,0,0,1,0,1,0,0
517,Tom Cairney,29,10,9,759,8.4,1,1,185.0,9900000.0,2020.0,0,1,0,0,0,0,1,1,0,1,0,0
518,Dominic Calvert-Lewin,23,33,32,2871,31.9,16,0,189.0,49500000.0,2020.0,0,0,1,0,1,0,0,1,0,1,0,0
519,João Cancelo,26,28,27,2299,25.5,2,3,182.0,60500000.0,2020.0,0,0,1,1,0,0,0,0,1,0,1,0
520,Andy Carroll,31,18,4,392,4.4,1,0,193.0,1650000.0,2020.0,0,1,0,0,1,0,0,1,0,1,0,0
521,Scott Carson,34,1,1,90,1.0,0,0,188.0,550000.0,2020.0,0,0,1,0,0,1,0,0,1,1,0,0
522,Matty Cash,22,28,28,2372,26.4,0,2,185.0,24200000.0,2020.0,0,0,1,1,0,0,0,1,0,1,0,0
523,Kiko Casilla,33,3,3,270,3.0,0,0,190.0,880000.0,2020.0,0,0,1,0,0,1,0,1,0,0,1,0
524,Timothy Castagne,24,27,27,2345,26.1,2,3,185.0,30800000.0,2020.0,0,0,1,1,0,0,0,1,0,0,1,0
525,Ivan Cavaleiro,26,36,27,2472,27.5,3,0,175.0,7700000.0,2020.0,0,0,1,0,0,0,1,1,0,0,1,0
526,Edinson Cavani,33,26,13,1375,15.3,10,3,184.0,6600000.0,2020.0,0,0,1,0,1,0,0,0,1,0,0,1
527,Dani Ceballos,23,25,17,1615,17.9,0,3,179.0,29700000.0,2020.0,0,0,1,0,0,0,1,0,1,0,1,0
528,Calum Chambers,25,10,8,753,8.4,0,2,182.0,13200000.0,2020.0,0,0,1,1,0,0,0,0,1,1,0,0
529,Ben Chilwell,23,27,27,2286,25.4,3,5,180.0,49500000.0,2020.0,0,1,0,1,0,0,0,0,1,1,0,0
530,Hamza Choudhury,22,10,4,316,3.5,0,0,178.0,7700000.0,2020.0,0,0,1,0,0,0,1,1,0,1,0,0
531,Andreas Christensen,24,17,15,1371,15.2,0,0,188.0,33000000.0,2020.0,0,0,1,1,0,0,0,0,1,0,1,0
532,Carney Chukwuemeka,16,2,0,20,0.2,0,0,185.0,1100000.0,2020.0,0,0,1,0,0,0,1,1,0,1,0,0
533,Ciaran Clark,30,22,21,1891,21.0,1,0,188.0,3300000.0,2020.0,0,1,0,1,0,0,0,1,0,1,0,0
534,Nathaniel Clyne,29,13,13,1145,12.7,0,1,175.0,3300000.0,2020.0,0,0,1,1,0,0,0,1,0,1,0,0
535,Conor Coady,27,37,37,3303,36.7,1,0,185.0,27500000.0,2020.0,0,0,1,1,0,0,0,1,0,1,0,0
536,Aaron Connolly,20,17,9,791,8.8,2,1,175.0,7700000.0,2020.0,0,0,1,0,1,0,0,1,0,1,0,0
537,Liam Cooper,28,25,25,2185,24.3,1,0,186.0,7700000.0,2020.0,0,1,0,1,0,0,0,1,0,1,0,0
538,Theo Corbeanu,18,1,0,9,0.1,0,0,190.0,550000.0,2020.0,0,0,1,0,1,0,0,1,0,0,0,1
539,Jack Cork,31,16,15,1350,15.0,0,0,185.0,5500000.0,2020.0,0,0,1,0,0,0,1,1,0,1,0,0
540,Hélder Costa,26,22,13,1156,12.8,3,3,179.0,11000000.0,2020.0,0,1,0,0,1,0,0,1,0,0,1,0
541,Aaron Cresswell,30,36,36,3170,35.2,0,8,170.0,5500000.0,2020.0,0,1,0,1,0,0,0,1,0,1,0,0
542,Patrick Cutrone,22,2,0,25,0.3,0,0,183.0,9900000.0,2020.0,0,0,1,0,1,0,0,1,0,0,1,0
543,Stuart Dallas,29,38,38,3409,37.9,8,2,183.0,4400000.0,2020.0,0,0,1,0,0,0,1,1,0,0,0,1
544,Scott Dann,33,15,15,1350,15.0,1,0,194.0,1650000.0,2020.0,0,0,1,1,0,0,0,1,0,1,0,0
545,Karl Darlow,29,25,25,2250,25.0,0,0,190.0,3300000.0,2020.0,0,0,1,0,0,1,0,1,0,1,0,0
546,Ben Davies,27,20,14,1346,15.0,0,1,185.0,3300000.0,2020.0,0,1,0,1,0,0,0,0,1,1,0,0
547,Ben Davies,27,20,14,1346,15.0,0,1,181.0,17600000.0,2020.0,0,1,0,1,0,0,0,0,1,1,0,0
548,Tom Davies,22,25,17,1423,15.8,0,1,180.0,19800000.0,2020.0,0,0,1,0,0,0,1,1,0,1,0,0
549,Keinan Davis,22,15,1,277,3.1,1,1,189.0,3300000.0,2020.0,0,1,0,0,0,0,1,1,0,1,0,0
550,Leif Davis,20,2,0,33,0.4,0,0,180.0,880000.0,2020.0,0,1,0,1,0,0,0,1,0,1,0,0
551,Craig Dawson,30,22,22,1925,21.4,3,0,188.0,5500000.0,2020.0,0,0,1,1,0,0,0,1,0,1,0,0
552,Craig Dawson,30,22,22,1925,21.4,3,0,188.0,5280000.0,2020.0,0,0,1,1,0,0,0,1,0,1,0,0
553,Kevin De Bruyne,29,25,23,1997,22.2,6,12,181.0,110000000.0,2020.0,0,0,1,0,0,0,1,0,1,0,1,0
554,Liam Delap,17,1,0,40,0.4,0,0,186.0,1100000.0,2020.0,0,0,1,0,1,0,0,0,1,1,0,0
555,Fabian Delph,30,8,2,266,3.0,0,0,174.0,3850000.0,2020.0,0,1,0,1,0,0,0,1,0,1,0,0
556,Leander Dendoncker,25,33,28,2503,27.8,1,0,188.0,33000000.0,2020.0,0,0,1,1,0,0,0,1,0,0,1,0
557,Mbaye Diagne,28,16,14,1189,13.2,3,2,191.0,3300000.0,2020.0,0,0,1,0,1,0,0,1,0,0,0,1
558,Amad Diallo,18,3,2,166,1.8,0,1,173.0,19800000.0,2020.0,0,1,0,0,1,0,0,0,1,0,0,1
559,Ibrahima Diallo,21,22,10,1020,11.3,0,0,179.0,16500000.0,2020.0,0,0,1,0,0,0,1,1,0,0,1,0
560,Grady Diangana,22,20,15,1235,13.7,1,0,180.0,11000000.0,2020.0,0,1,0,0,1,0,0,1,0,1,0,0
561,Rúben Dias,23,32,32,2843,31.6,1,0,187.0,82500000.0,2020.0,0,0,1,1,0,0,0,0,1,0,1,0
562,Eric Dier,26,28,28,2520,28.0,0,0,188.0,24200000.0,2020.0,0,0,1,1,0,0,0,0,1,1,0,0
563,Lucas Digne,27,30,30,2681,29.8,0,7,178.0,38500000.0,2020.0,0,1,0,1,0,0,0,1,0,0,1,0
564,Virgil van Dijk,29,5,5,370,4.1,1,0,193.0,60500000.0,2020.0,0,0,1,1,0,0,0,0,1,0,1,0
565,Issa Diop,23,18,15,1381,15.3,2,0,194.0,19800000.0,2020.0,0,0,1,1,0,0,0,1,0,0,1,0
566,Moussa Djenepo,22,27,15,1240,13.8,1,0,177.0,14300000.0,2020.0,0,0,1,0,0,0,1,1,0,0,0,1
567,Matt Doherty,28,17,13,1240,13.8,0,2,185.0,17600000.0,2020.0,0,0,1,1,0,0,0,0,1,1,0,0
568,Abdoulaye Doucouré,27,29,29,2443,27.1,2,3,183.0,27500000.0,2020.0,0,0,1,0,0,0,1,1,0,0,1,0
569,Abdoulaye Doucouré,27,29,29,2443,27.1,2,3,183.0,22000000.0,2020.0,0,0,1,0,0,0,1,1,0,0,1,0
570,Paul Dummett,28,15,14,1255,13.9,1,0,183.0,3300000.0,2020.0,0,1,0,1,0,0,0,1,0,1,0,0
571,Lewis Dunk,28,33,33,2931,32.6,5,0,192.0,27500000.0,2020.0,0,0,1,1,0,0,0,1,0,1,0,0
572,Jimmy Dunne,22,3,3,270,3.0,1,0,191.0,660000.0,2020.0,0,0,1,1,0,0,0,1,0,1,0,0
573,Ederson,26,36,36,3240,36.0,0,1,188.0,55000000.0,2020.0,0,1,0,0,0,1,0,0,1,0,0,1
574,Kyle Edwards,22,5,1,118,1.3,0,0,178.0,1100000.0,2020.0,0,0,1,0,1,0,0,1,0,1,0,0
575,John Egan,27,31,30,2629,29.2,0,1,185.0,9900000.0,2020.0,0,0,1,1,0,0,0,1,0,1,0,0
576,Anthony Elanga,18,2,2,155,1.7,1,0,178.0,880000.0,2020.0,0,0,1,0,1,0,0,0,1,0,1,0
577,Ahmed Elmohamady,32,14,8,839,9.3,0,0,182.0,1650000.0,2020.0,0,0,1,1,0,0,0,1,0,0,0,1
578,Mohamed Elneny,28,23,17,1544,17.2,1,0,179.0,11000000.0,2020.0,0,0,1,0,0,0,1,0,1,0,0,1
579,Jonny Evans,32,28,28,2473,27.5,2,2,188.0,7700000.0,2020.0,1,0,0,1,0,0,0,1,0,0,0,1
580,Eberechi Eze,22,34,29,2559,28.4,4,6,173.0,22000000.0,2020.0,0,0,1,0,0,0,1,1,0,1,0,0
581,Fabinho,26,30,28,2567,28.5,0,0,188.0,66000000.0,2020.0,0,0,1,0,0,0,1,0,1,0,0,1
582,Bruno Fernandes,25,37,35,3099,34.4,18,12,179.0,99000000.0,2020.0,0,0,1,0,0,0,1,0,1,0,1,0
583,Federico Fernández,31,24,24,2079,23.1,0,0,190.0,3300000.0,2020.0,0,0,1,1,0,0,0,1,0,0,0,1
584,Fernandinho,35,21,12,1188,13.2,0,2,179.0,2200000.0,2020.0,0,0,1,0,0,0,1,0,1,0,0,1
585,Sam Field,22,3,0,62,0.7,0,0,191.0,1100000.0,2020.0,0,1,0,0,0,0,1,1,0,1,0,0
586,Roberto Firmino,28,36,33,2838,31.5,9,7,181.0,55000000.0,2020.0,0,0,1,0,1,0,0,0,1,0,0,1
587,John Fleck,28,31,29,2575,28.6,0,2,169.0,5500000.0,2020.0,0,1,0,0,0,0,1,1,0,1,0,0
588,Phil Foden,20,28,17,1616,18.0,9,5,171.0,88000000.0,2020.0,0,1,0,0,0,0,1,0,1,1,0,0
589,Wesley Fofana,19,28,27,2262,25.1,0,0,190.0,44000000.0,2020.0,0,0,1,1,0,0,0,1,0,0,1,0
590,Pablo Fornals,24,33,31,2572,28.6,5,4,178.0,19800000.0,2020.0,0,0,1,0,0,0,1,1,0,0,1,0
591,Fraser Forster,32,8,8,720,8.0,0,0,201.0,3300000.0,2020.0,0,0,1,0,0,1,0,1,0,1,0,0
592,Timothy Fosu-Mensah,22,1,1,80,0.9,0,0,185.0,4400000.0,2020.0,0,0,1,1,0,0,0,0,1,0,1,0
593,Tyrese Francois,20,1,0,15,0.2,0,0,173.0,165000.0,2020.0,0,1,0,1,0,0,0,1,0,0,0,1
594,Ryan Fraser,26,18,9,928,10.3,0,2,163.0,11000000.0,2020.0,0,0,1,0,0,0,1,1,0,1,0,0
595,Ryan Fraser,26,18,9,928,10.3,0,2,163.0,19250000.0,2020.0,0,0,1,0,0,0,1,1,0,1,0,0
596,Fred,27,30,27,2390,26.6,1,0,169.0,24200000.0,2020.0,0,1,0,0,0,0,1,0,1,0,0,1
597,Ryan Fredericks,27,14,6,569,6.3,1,1,181.0,2750000.0,2020.0,0,0,1,0,1,0,0,1,0,1,0,0
598,Christian Fuchs,34,9,8,702,7.8,0,0,187.0,880000.0,2020.0,0,1,0,1,0,0,0,1,0,0,1,0
599,Darnell Furlong,24,35,32,2932,32.6,1,3,183.0,5500000.0,2020.0,0,0,1,1,0,0,0,1,0,1,0,0
600,Conor Gallagher,20,30,28,2531,28.1,2,2,182.0,16500000.0,2020.0,0,0,1,0,0,0,1,1,0,1,0,0
601,Conor Gallagher,20,30,28,2531,28.1,2,2,182.0,16500000.0,2020.0,0,0,1,0,0,0,1,1,0,1,0,0
602,Eric García,19,6,3,383,4.3,0,0,182.0,22000000.0,2020.0,0,0,1,1,0,0,0,0,1,0,1,0
603,Dwight Gayle,29,18,4,514,5.7,1,1,174.0,4400000.0,2020.0,0,0,1,0,0,0,1,1,0,1,0,0
604,Jean-Philippe Gbamin,24,1,0,12,0.1,0,0,186.0,16500000.0,2020.0,0,0,1,0,0,0,1,1,0,0,0,1
605,David de Gea,29,26,26,2295,25.5,0,0,189.0,19800000.0,2020.0,0,0,1,0,0,1,0,0,1,0,1,0
606,Anwar El Ghazi,25,28,17,1613,17.9,10,0,189.0,14300000.0,2020.0,0,0,1,0,1,0,0,1,0,0,1,0
607,Kieran Gibbs,30,10,9,809,9.0,0,0,181.0,2750000.0,2020.0,0,1,0,1,0,0,0,1,0,1,0,0
608,Morgan Gibbs-White,20,11,4,414,4.6,1,0,178.0,7700000.0,2020.0,0,0,1,0,1,0,0,1,0,1,0,0
609,Billy Gilmour,19,5,3,261,2.9,0,0,170.0,11000000.0,2020.0,0,0,1,0,0,0,1,0,1,1,0,0
610,Olivier Giroud,33,17,8,748,8.3,4,0,193.0,4400000.0,2020.0,0,1,0,0,1,0,0,0,1,0,1,0
611,Ben Godfrey,22,31,29,2685,29.8,0,2,186.0,27500000.0,2020.0,0,0,1,1,0,0,0,1,0,1,0,0
612,Ben Godfrey,22,31,29,2685,29.8,0,2,186.0,12650000.0,2020.0,0,0,1,1,0,0,0,1,0,1,0,0
613,André Gomes,27,28,17,1570,17.4,0,1,188.0,22000000.0,2020.0,0,0,1,0,0,0,1,1,0,0,1,0
614,Joe Gomez,23,7,6,590,6.6,0,0,188.0,33000000.0,2020.0,0,0,1,1,0,0,0,0,1,1,0,0
615,Anthony Gordon,19,3,1,88,1.0,0,0,182.0,5500000.0,2020.0,0,0,1,0,0,0,1,1,0,1,0,0
616,Karlan Grant,22,21,14,1127,12.5,1,0,183.0,8800000.0,2020.0,0,0,1,0,0,0,1,1,0,1,0,0
617,Demarai Gray,24,1,0,19,0.2,0,0,183.0,8800000.0,2020.0,0,0,1,0,1,0,0,1,0,1,0,0
618,Jack Grealish,24,26,24,2185,24.3,6,10,180.0,71500000.0,2020.0,0,0,1,0,0,0,1,1,0,1,0,0
619,Mason Greenwood,18,31,21,1822,20.2,7,2,181.0,55000000.0,2020.0,1,0,0,0,1,0,0,0,1,1,0,0
620,Pascal Groß,29,34,27,2484,27.6,3,8,181.0,7700000.0,2020.0,0,0,1,1,0,0,0,1,0,0,1,0
621,Kamil Grosicki,32,3,2,148,1.6,0,1,180.0,1100000.0,2020.0,0,0,1,0,0,0,1,1,0,0,1,0
622,Vicente Guaita,33,37,37,3330,37.0,0,0,190.0,2200000.0,2020.0,0,0,1,0,0,1,0,1,0,0,1,0
623,Antwoine Hackford,16,1,0,11,0.1,0,0,177.0,110000.0,2020.0,0,0,1,1,0,0,0,1,0,1,0,0
624,Sébastien Haller,26,16,10,937,10.4,3,0,190.0,29700000.0,2020.0,0,0,1,0,1,0,0,1,0,0,0,1
625,Rekeem Harper,20,2,0,32,0.4,0,0,183.0,2750000.0,2020.0,0,0,1,0,0,0,1,1,0,1,0,0
626,Jack Harrison,23,36,34,2847,31.6,8,8,175.0,16500000.0,2020.0,0,1,0,0,0,0,1,1,0,1,0,0
627,Jack Harrison,23,36,34,2847,31.6,8,8,175.0,16500000.0,2020.0,0,1,0,0,0,0,1,1,0,1,0,0
628,Kortney Hause,25,7,7,630,7.0,1,0,191.0,5500000.0,2020.0,0,1,0,1,0,0,0,1,0,1,0,0
629,Kai Havertz,21,27,18,1520,16.9,4,3,189.0,77000000.0,2020.0,0,1,0,0,1,0,0,0,1,0,1,0
630,Isaac Hayden,25,24,22,1942,21.6,0,0,186.0,11000000.0,2020.0,0,0,1,1,0,0,0,1,0,1,0,0
631,Michael Hector,28,4,3,263,2.9,0,0,193.0,3850000.0,2020.0,0,0,1,1,0,0,0,1,0,0,0,1
632,Dean Henderson,23,13,12,1125,12.5,0,0,188.0,24200000.0,2020.0,0,0,1,0,0,1,0,0,1,1,0,0
633,Jordan Henderson,30,21,20,1704,18.9,1,1,187.0,22000000.0,2020.0,0,0,1,1,0,0,0,0,1,1,0,0
634,Jeff Hendrick,28,22,17,1422,15.8,2,1,185.0,9900000.0,2020.0,0,0,1,0,0,0,1,1,0,1,0,0
635,Pablo Hernández,35,16,3,427,4.7,0,2,173.0,880000.0,2020.0,0,0,1,0,1,0,0,1,0,0,1,0
636,Ki-Jana Hoever,18,12,5,577,6.4,0,0,183.0,7700000.0,2020.0,0,0,1,1,0,0,0,1,0,0,1,0
637,Rob Holding,24,30,28,2558,28.4,0,1,189.0,19800000.0,2020.0,0,0,1,1,0,0,0,0,1,1,0,0
638,Mason Holgate,23,28,26,2287,25.4,1,0,187.0,22000000.0,2020.0,0,0,1,1,0,0,0,1,0,1,0,0
639,Conor Hourihane,29,4,3,225,2.5,1,1,181.0,3850000.0,2020.0,0,1,0,0,0,0,1,1,0,1,0,0
640,Callum Hudson-Odoi,19,23,10,1059,11.8,2,3,177.0,35200000.0,2020.0,0,0,1,1,0,0,0,0,1,1,0,0
641,Niall Huggins,19,1,0,38,0.4,0,0,173.0,220000.0,2020.0,0,0,1,1,0,0,0,1,0,1,0,0
642,Odion Ighalo,31,1,0,10,0.1,0,0,181.0,3850000.0,2020.0,0,0,1,0,1,0,0,0,1,0,0,1
643,Kelechi Iheanacho,23,25,16,1459,16.2,12,2,185.0,22000000.0,2020.0,0,1,0,0,1,0,0,1,0,0,0,1
644,Danny Ings,28,29,26,2173,24.1,12,4,178.0,24200000.0,2020.0,0,0,1,0,1,0,0,1,0,1,0,0
645,Alex Iwobi,24,30,17,1542,17.1,1,2,183.0,24200000.0,2020.0,0,0,1,1,0,0,0,1,0,0,0,1
646,José Izquierdo,28,1,0,9,0.1,0,0,171.0,4400000.0,2020.0,0,0,1,1,0,0,0,1,0,0,0,1
647,Phil Jagielka,37,10,6,526,5.8,0,0,180.0,275000.0,2020.0,0,0,1,1,0,0,0,1,0,1,0,0
648,Alireza Jahanbakhsh,26,21,6,528,5.9,0,1,180.0,5500000.0,2020.0,0,0,1,0,0,0,1,1,0,0,0,1
649,Daniel James,22,15,11,910,10.1,3,1,170.0,19800000.0,2020.0,0,0,1,0,1,0,0,0,1,1,0,0
650,Reece James,20,32,25,2373,26.4,1,2,180.0,44000000.0,2020.0,0,0,1,1,0,0,0,0,1,1,0,0
651,Alexandre Jankewitz,18,2,1,3,0.0,0,0,185.0,550000.0,2020.0,0,0,1,0,0,0,1,1,0,0,1,0
652,Daniel Jebbison,17,4,3,284,3.2,1,0,190.0,1100000.0,2020.0,0,0,1,0,1,0,0,1,0,1,0,0
653,Gabriel Jesus,23,29,22,2063,22.9,9,4,175.0,66000000.0,2020.0,0,0,1,0,1,0,0,0,1,0,0,1
654,Raúl Jiménez,29,10,10,823,9.1,4,0,188.0,30800000.0,2020.0,0,0,1,0,1,0,0,1,0,0,0,1
655,Joelinton,23,31,23,1983,22.0,4,2,186.0,18700000.0,2020.0,0,0,1,0,0,0,1,1,0,0,0,1
656,Ben Johnson,20,14,5,523,5.8,1,0,175.0,3300000.0,2020.0,0,0,1,1,0,0,0,1,0,1,0,0
657,Sam Johnstone,27,37,37,3330,37.0,0,1,193.0,8800000.0,2020.0,0,0,1,0,0,1,0,1,0,1,0,0
658,Curtis Jones,19,24,13,1179,13.1,1,2,185.0,33000000.0,2020.0,0,0,1,0,0,0,1,0,1,1,0,0
659,Jorginho,28,28,23,2010,22.3,7,1,180.0,44000000.0,2020.0,0,0,1,0,0,0,1,0,1,0,1,0
660,Willian José,28,17,12,1110,12.3,1,0,189.0,19800000.0,2020.0,0,0,1,0,1,0,0,1,0,0,0,1
661,Diogo Jota,23,19,12,1112,12.4,9,0,178.0,49500000.0,2020.0,0,0,1,0,1,0,0,0,1,0,1,0
662,Diogo Jota,23,19,12,1112,12.4,9,0,178.0,49500000.0,2020.0,0,0,1,0,1,0,0,0,1,0,1,0
663,James Justin,22,23,23,2070,23.0,2,1,183.0,18700000.0,2020.0,0,0,1,1,0,0,0,1,0,1,0,0
664,Ozan Kabak,20,9,9,801,8.9,0,0,186.0,27500000.0,2020.0,0,0,1,1,0,0,0,0,1,0,1,0
665,Aboubakar Kamara,25,11,2,315,3.5,0,0,177.0,2200000.0,2020.0,0,0,1,1,0,0,0,1,0,0,0,1
666,Harry Kane,27,35,35,3082,34.2,23,14,188.0,132000000.0,2020.0,0,0,1,0,1,0,0,0,1,1,0,0
667,N'Golo Kanté,29,30,24,2146,23.8,0,2,168.0,60500000.0,2020.0,0,0,1,0,0,0,1,0,1,0,1,0
668,Moise Kean,20,2,0,15,0.2,0,0,183.0,38500000.0,2020.0,0,0,1,0,1,0,0,1,0,0,1,0
669,Michael Keane,27,35,33,2991,33.2,3,1,188.0,27500000.0,2020.0,0,0,1,1,0,0,0,1,0,1,0,0
670,Neeskens Kebano,28,5,1,119,1.3,0,0,170.0,1100000.0,2020.0,0,0,1,0,0,0,1,1,0,0,0,1
671,Naby Keïta,25,10,7,520,5.8,0,0,172.0,35200000.0,2020.0,0,0,1,0,0,0,1,0,1,0,0,1
672,Martin Kelly,30,1,0,2,0.0,0,0,191.0,1650000.0,2020.0,0,0,1,1,0,0,0,1,0,1,0,0
673,Jonjoe Kenny,23,4,1,79,0.9,0,0,176.0,6380000.0,2020.0,0,0,1,0,1,0,0,1,0,1,0,0
674,Reda Khadra,19,1,0,5,0.1,0,0,175.0,165000.0,2020.0,0,0,1,0,1,0,0,1,0,0,1,0
675,Max Kilman,23,18,14,1310,14.6,0,1,192.0,4950000.0,2020.0,0,1,0,1,0,0,0,1,0,1,0,0
676,Joshua King,28,11,0,148,1.6,0,0,187.0,8800000.0,2020.0,0,0,1,0,1,0,0,1,0,0,1,0
677,Joshua King,28,11,0,148,1.6,0,0,187.0,17600000.0,2020.0,0,0,1,0,1,0,0,1,0,0,1,0
678,Mateusz Klich,30,35,28,2393,26.6,4,5,183.0,4400000.0,2020.0,0,0,1,0,0,0,1,1,0,0,1,0
679,Robin Koch,24,17,13,1132,12.6,0,0,191.0,18700000.0,2020.0,0,0,1,0,0,0,1,1,0,0,1,0
680,Terence Kongolo,26,1,1,90,1.0,0,0,188.0,3850000.0,2020.0,0,1,0,1,0,0,0,1,0,0,1,0
681,Ezri Konsa,22,36,35,3196,35.5,2,0,183.0,27500000.0,2020.0,0,0,1,1,0,0,0,1,0,1,0,0
682,Cheikhou Kouyaté,30,36,35,3121,34.7,1,0,189.0,6600000.0,2020.0,0,0,1,1,0,0,0,1,0,0,0,1
683,Emil Krafth,25,16,14,1288,14.3,1,0,184.0,3850000.0,2020.0,0,0,1,1,0,0,0,1,0,0,1,0
684,Alexandre Lacazette,29,31,22,1923,21.4,13,2,176.0,30800000.0,2020.0,0,0,1,0,1,0,0,0,1,0,1,0
685,Adam Lallana,32,30,16,1596,17.7,1,1,172.0,4400000.0,2020.0,1,0,0,0,1,0,0,1,0,1,0,0
686,Tariq Lamptey,19,11,11,886,9.8,1,1,163.0,19800000.0,2020.0,0,0,1,1,0,0,0,1,0,1,0,0
687,Manuel Lanzini,27,17,5,566,6.3,1,1,167.0,11000000.0,2020.0,0,0,1,0,1,0,0,1,0,0,0,1
688,Aymeric Laporte,26,16,14,1344,14.9,0,0,189.0,49500000.0,2020.0,0,1,0,1,0,0,0,0,1,0,1,0
689,Jamaal Lascelles,26,19,19,1625,18.1,2,0,188.0,14300000.0,2020.0,0,0,1,1,0,0,0,1,0,1,0,0
690,Maxime Le Marchand,30,2,1,123,1.4,0,0,185.0,1650000.0,2020.0,0,1,0,1,0,0,0,1,0,0,1,0
691,Mario Lemina,26,28,19,1703,18.9,1,0,184.0,11000000.0,2020.0,0,0,1,0,0,0,1,1,0,0,0,1
692,Mario Lemina,26,28,19,1703,18.9,1,0,184.0,11000000.0,2020.0,0,0,1,0,0,0,1,1,0,0,0,1
693,Bernd Leno,28,35,35,3131,34.8,0,0,190.0,24200000.0,2020.0,0,0,1,0,0,1,0,0,1,0,1,0
694,Khanya Leshabela,20,1,0,10,0.1,0,0,175.0,110000.0,2020.0,0,0,1,0,0,0,1,1,0,0,1,0
695,Jamal Lewis,22,24,20,1837,20.4,0,1,178.0,16500000.0,2020.0,0,1,0,1,0,0,0,1,0,0,0,1
696,Jamal Lewis,22,24,20,1837,20.4,0,1,178.0,12100000.0,2020.0,0,1,0,1,0,0,0,1,0,0,0,1
697,Victor Lindelöf,26,29,29,2585,28.7,1,1,187.0,26400000.0,2020.0,0,0,1,1,0,0,0,0,1,0,1,0
698,Jesse Lingard,27,16,16,1421,15.8,9,4,174.0,24200000.0,2020.0,0,0,1,0,1,0,0,1,0,1,0,0
699,Jesse Lingard,27,16,16,1421,15.8,9,4,174.0,24200000.0,2020.0,0,0,1,0,1,0,0,1,0,1,0,0
700,Jake Livermore,30,18,15,1242,13.8,0,0,180.0,2750000.0,2020.0,0,0,1,0,0,0,1,1,0,1,0,0
701,Diego Llorente,26,15,14,1204,13.4,1,0,186.0,22000000.0,2020.0,0,0,1,1,0,0,0,1,0,0,1,0
702,Hugo Lloris,33,38,38,3420,38.0,0,0,188.0,9900000.0,2020.0,0,1,0,0,0,1,0,0,1,0,1,0
703,Giovani Lo Celso,24,18,11,945,10.5,1,1,177.0,29700000.0,2020.0,0,1,0,0,0,0,1,0,1,0,0,1
704,Ruben Loftus-Cheek,24,30,21,1909,21.2,1,0,190.0,19800000.0,2020.0,0,0,1,0,1,0,0,1,0,1,0,0
705,Ruben Loftus-Cheek,24,30,21,1909,21.2,1,0,190.0,19800000.0,2020.0,0,0,1,0,1,0,0,1,0,1,0,0
706,Ruben Loftus-Cheek,24,1,1,60,0.7,0,0,190.0,19800000.0,2020.0,0,0,1,0,1,0,0,0,1,1,0,0
707,Ruben Loftus-Cheek,24,1,1,60,0.7,0,0,190.0,19800000.0,2020.0,0,0,1,0,1,0,0,0,1,1,0,0
708,Kevin Long,29,8,7,637,7.1,0,0,188.0,1100000.0,2020.0,0,0,1,1,0,0,0,1,0,1,0,0
709,Shane Long,33,11,1,210,2.3,0,0,180.0,1320000.0,2020.0,1,0,0,0,1,0,0,1,0,1,0,0
710,Sean Longstaff,22,22,15,1412,15.7,0,1,181.0,16500000.0,2020.0,0,0,1,0,0,0,1,1,0,1,0,0
711,Ademola Lookman,22,34,31,2747,30.5,4,4,174.0,12100000.0,2020.0,0,0,1,0,0,0,1,1,0,1,0,0
712,Max Lowe,23,8,7,550,6.1,0,0,175.0,3300000.0,2020.0,0,1,0,1,0,0,0,1,0,1,0,0
713,Matthew Lowton,31,34,34,3060,34.0,1,1,180.0,2750000.0,2020.0,0,0,1,1,0,0,0,1,0,1,0,0
714,David Luiz,33,20,17,1396,15.5,1,0,189.0,4400000.0,2020.0,0,0,1,1,0,0,0,0,1,0,0,1
715,Douglas Luiz,22,33,32,2781,30.9,0,2,177.0,38500000.0,2020.0,0,0,1,0,0,0,1,1,0,0,0,1
716,John Lundstram,26,28,23,2032,22.6,0,2,181.0,7700000.0,2020.0,0,0,1,0,0,0,1,1,0,1,0,0
717,Alexis Mac Allister,21,21,13,1115,12.4,1,1,174.0,11000000.0,2020.0,0,0,1,0,1,0,0,1,0,0,0,1
718,James Maddison,23,31,24,2099,23.3,8,5,175.0,60500000.0,2020.0,0,0,1,0,1,0,0,1,0,1,0,0
719,Harry Maguire,27,34,34,3047,33.9,2,1,194.0,49500000.0,2020.0,0,0,1,1,0,0,0,0,1,1,0,0
720,Riyad Mahrez,29,27,23,1949,21.7,9,6,179.0,46200000.0,2020.0,0,1,0,0,1,0,0,0,1,0,0,1
721,Ainsley Maitland-Niles,22,15,14,1230,13.7,0,0,180.0,17600000.0,2020.0,0,0,1,0,0,0,1,1,0,1,0,0
722,Ainsley Maitland-Niles,22,15,14,1230,13.7,0,0,180.0,17600000.0,2020.0,0,0,1,0,0,0,1,1,0,1,0,0
723,Ainsley Maitland-Niles,22,11,5,490,5.4,0,0,180.0,17600000.0,2020.0,0,0,1,1,0,0,0,0,1,1,0,0
724,Ainsley Maitland-Niles,22,11,5,490,5.4,0,0,180.0,17600000.0,2020.0,0,0,1,1,0,0,0,0,1,1,0,0
725,Josh Maja,21,15,9,810,9.0,3,0,180.0,5500000.0,2020.0,0,0,1,0,0,0,1,1,0,0,0,1
726,Sadio Mané,28,35,31,2810,31.2,11,7,174.0,93500000.0,2020.0,0,0,1,0,1,0,0,0,1,0,0,1
727,Javier Manquillo,26,13,10,825,9.2,0,0,178.0,3300000.0,2020.0,0,0,1,1,0,0,0,1,0,0,1,0
728,Solly March,26,21,19,1672,18.6,2,1,180.0,9900000.0,2020.0,0,1,0,1,0,0,0,1,0,1,0,0
729,Pablo Marí,26,10,10,900,10.0,0,0,193.0,7700000.0,2020.0,0,1,0,1,0,0,0,0,1,0,1,0
730,Anthony Martial,24,22,17,1480,16.4,4,3,181.0,49500000.0,2020.0,0,0,1,0,1,0,0,0,1,0,1,0
731,Emiliano Martínez,27,38,38,3420,38.0,0,0,195.0,33000000.0,2020.0,0,0,1,0,0,1,0,1,0,0,0,1
732,Emiliano Martínez,27,38,38,3420,38.0,0,0,195.0,33000000.0,2020.0,0,0,1,0,0,1,0,1,0,0,0,1
733,Arthur Masuaku,26,12,12,1006,11.2,0,2,179.0,7700000.0,2020.0,0,1,0,0,1,0,0,1,0,0,0,1
734,Juan Mata,32,9,6,509,5.7,1,2,170.0,4400000.0,2020.0,0,1,0,0,0,0,1,0,1,0,1,0
735,Jean-Philippe Mateta,23,7,2,221,2.5,1,0,192.0,14300000.0,2020.0,0,0,1,0,1,0,0,1,0,0,1,0
736,Neal Maupay,23,33,29,2512,27.9,8,2,173.0,22000000.0,2020.0,0,0,1,0,0,0,1,1,0,0,1,0
737,James McArthur,32,18,17,1466,16.3,0,2,178.0,2200000.0,2020.0,1,0,0,0,0,0,1,1,0,1,0,0
738,Oliver McBurnie,24,23,12,1324,14.7,1,0,188.0,11000000.0,2020.0,0,0,1,0,1,0,0,1,0,1,0,0
739,Alex McCarthy,30,30,30,2700,30.0,0,0,193.0,5500000.0,2020.0,0,0,1,0,0,1,0,1,0,1,0,0
740,James McCarthy,29,16,10,821,9.1,0,0,180.0,3300000.0,2020.0,0,0,1,0,0,0,1,1,0,1,0,0
741,John McGinn,25,37,37,3330,37.0,3,5,178.0,33000000.0,2020.0,0,1,0,0,0,0,1,1,0,1,0,0
742,David McGoldrick,32,35,28,2397,26.6,8,1,184.0,1650000.0,2020.0,0,0,1,0,0,0,1,1,0,1,0,0
743,Dwight McNeil,20,36,34,3069,34.1,2,5,183.0,24200000.0,2020.0,0,1,0,0,0,0,1,1,0,1,0,0
744,Scott McTominay,23,32,24,2129,23.7,4,1,191.0,38500000.0,2020.0,0,0,1,0,0,0,1,0,1,1,0,0
745,Ben Mee,30,30,30,2693,29.9,2,0,180.0,6600000.0,2020.0,0,1,0,1,0,0,0,1,0,1,0,0
746,Hannibal Mejbri,17,1,0,9,0.1,0,0,184.0,3300000.0,2020.0,0,0,1,0,0,0,1,0,1,0,0,1
747,Benjamin Mendy,26,13,11,953,10.6,2,1,185.0,22000000.0,2020.0,0,1,0,1,0,0,0,0,1,0,1,0
748,Edouard Mendy,28,31,31,2745,30.5,0,0,195.0,27500000.0,2020.0,0,0,1,0,0,1,0,0,1,0,0,1
749,Nampalys Mendy,28,23,15,1459,16.2,0,1,167.0,8800000.0,2020.0,0,0,1,0,0,0,1,1,0,0,0,1
750,Illan Meslier,20,35,35,3150,35.0,0,0,197.0,22000000.0,2020.0,0,1,0,0,0,1,0,1,0,0,1,0
751,James Milner,34,26,11,1070,11.9,0,1,175.0,3300000.0,2020.0,0,0,1,1,0,0,0,0,1,1,0,0
752,Yerry Mina,25,24,23,1937,21.5,2,0,195.0,22000000.0,2020.0,0,0,1,1,0,0,0,1,0,0,0,1
753,Takumi Minamino,25,9,2,293,3.3,1,0,174.0,13200000.0,2020.0,0,0,1,0,1,0,0,0,1,0,0,1
754,Takumi Minamino,25,9,2,293,3.3,1,0,174.0,13200000.0,2020.0,0,0,1,0,1,0,0,0,1,0,0,1
755,Takumi Minamino,25,10,9,711,7.9,2,0,174.0,13200000.0,2020.0,0,0,1,0,1,0,0,1,0,0,0,1
756,Takumi Minamino,25,10,9,711,7.9,2,0,174.0,13200000.0,2020.0,0,0,1,0,1,0,0,1,0,0,0,1
757,Tyrone Mings,27,36,36,3194,35.5,2,2,195.0,33000000.0,2020.0,0,1,0,1,0,0,0,1,0,1,0,0
758,Tyrick Mitchell,20,19,19,1710,19.0,1,1,175.0,7700000.0,2020.0,0,1,0,1,0,0,0,1,0,1,0,0
759,Jakub Moder,21,12,7,647,7.2,0,0,191.0,11000000.0,2020.0,0,0,1,0,0,0,1,1,0,0,1,0
760,Jayson Molumby,20,1,0,1,0.0,0,0,176.0,1100000.0,2020.0,0,0,1,0,0,0,1,1,0,1,0,0
761,Wes Morgan,36,3,0,18,0.2,0,0,185.0,440000.0,2020.0,0,0,1,1,0,0,0,1,0,0,0,1
762,Mason Mount,21,36,32,2890,32.1,6,5,180.0,82500000.0,2020.0,0,0,1,0,1,0,0,0,1,1,0,0
763,Lucas Moura,27,30,14,1411,15.7,3,4,172.0,27500000.0,2020.0,0,0,1,0,0,0,1,0,1,0,0,1
764,Lys Mousset,24,11,2,296,3.3,0,0,184.0,9900000.0,2020.0,0,0,1,0,0,0,1,1,0,0,1,0
765,João Moutinho,33,33,28,2528,28.1,1,1,170.0,4400000.0,2020.0,0,0,1,0,0,0,1,1,0,0,1,0
766,Joel Mumbongo,21,4,0,40,0.4,0,0,188.0,330000.0,2020.0,0,0,1,0,1,0,0,1,0,0,1,0
767,Jacob Murphy,25,26,17,1626,18.1,2,3,173.0,4400000.0,2020.0,0,0,1,0,0,0,1,1,0,1,0,0
768,Shkodran Mustafi,28,3,0,47,0.5,0,0,184.0,2750000.0,2020.0,0,0,1,1,0,0,0,0,1,0,1,0
769,Marvelous Nakamba,26,13,9,749,8.3,0,0,177.0,7700000.0,2020.0,0,1,0,0,0,0,1,1,0,0,0,1
770,Iliman Ndiaye,21,1,0,12,0.1,0,0,180.0,220000.0,2020.0,0,0,1,0,0,0,1,1,0,0,1,0
771,Wilfred Ndidi,23,26,25,2176,24.2,1,4,183.0,66000000.0,2020.0,0,0,1,1,0,0,0,1,0,0,0,1
772,Reiss Nelson,20,2,0,71,0.8,0,0,175.0,9900000.0,2020.0,0,0,1,0,1,0,0,0,1,1,0,0
773,Pedro Neto,20,31,30,2550,28.3,5,6,172.0,38500000.0,2020.0,0,1,0,0,0,0,1,1,0,0,1,0
774,Rúben Neves,23,36,31,2675,29.7,5,1,180.0,49500000.0,2020.0,0,0,1,0,0,0,1,1,0,0,1,0
775,Eddie Nketiah,21,17,4,423,4.7,2,1,180.0,17600000.0,2020.0,0,0,1,0,1,0,0,0,1,1,0,0
776,Niels Nkounkou,19,2,1,81,0.9,0,0,180.0,3300000.0,2020.0,0,1,0,0,1,0,0,1,0,0,1,0
777,Mark Noble,33,21,8,712,7.9,0,0,180.0,2200000.0,2020.0,0,0,1,0,0,0,1,1,0,1,0,0
778,Will Norris,26,2,2,180,2.0,0,0,190.0,440000.0,2020.0,0,0,1,0,0,1,0,1,0,1,0,0
779,Oliver Norwood,29,32,26,2220,24.7,0,0,175.0,5500000.0,2020.0,0,0,1,0,0,0,1,1,0,0,0,1
780,Jack O'Connell,26,2,2,180,2.0,0,0,191.0,5500000.0,2020.0,0,1,0,1,0,0,0,1,0,1,0,0
781,Dara O'Shea,21,28,25,2102,23.4,0,0,189.0,3300000.0,2020.0,0,0,1,1,0,0,0,1,0,1,0,0
782,Michael Obafemi,20,4,0,61,0.7,0,0,170.0,3300000.0,2020.0,0,0,1,0,1,0,0,1,0,1,0,0
783,Denis Odoi,32,3,3,270,3.0,0,0,178.0,660000.0,2020.0,0,0,1,1,0,0,0,1,0,0,1,0
784,Angelo Ogbonna,32,28,28,2492,27.7,3,0,191.0,2750000.0,2020.0,0,1,0,1,0,0,0,1,0,0,1,0
785,Robin Olsen,30,7,7,630,7.0,0,0,196.0,3300000.0,2020.0,0,0,1,0,0,1,0,1,0,0,1,0
786,Josh Onomah,23,11,4,374,4.2,0,0,185.0,6600000.0,2020.0,0,0,1,0,0,0,1,1,0,1,0,0
787,Divock Origi,25,9,2,186,2.1,0,0,185.0,13200000.0,2020.0,0,0,1,0,1,0,0,0,1,0,1,0
788,Ben Osborn,25,24,17,1604,17.8,1,0,176.0,2200000.0,2020.0,0,1,0,1,0,0,0,1,0,1,0,0
789,Owen Otasowie,19,6,2,187,2.1,0,1,191.0,1650000.0,2020.0,0,0,1,0,1,0,0,1,0,0,0,1
790,Alex Oxlade-Chamberlain,26,13,2,253,2.8,1,1,175.0,19800000.0,2020.0,0,0,1,0,0,0,1,0,1,1,0,0
791,Thomas Partey,27,24,18,1534,17.0,0,2,185.0,44000000.0,2020.0,0,0,1,0,0,0,1,0,1,0,0,1
792,Rui Patrício,32,37,37,3329,37.0,0,0,190.0,11000000.0,2020.0,0,1,0,0,0,1,0,1,0,0,1,0
793,Bailey Peacock-Farrell,23,4,4,360,4.0,0,0,194.0,1100000.0,2020.0,0,1,0,0,0,1,0,1,0,0,0,1
794,Lee Peltier,33,4,3,229,2.5,0,0,178.0,440000.0,2020.0,0,0,1,1,0,0,0,1,0,1,0,0
795,Nicolas Pépé,25,29,16,1616,18.0,10,1,183.0,38500000.0,2020.0,0,1,0,0,1,0,0,0,1,0,0,1
796,Matheus Pereira,24,33,30,2577,28.6,11,6,175.0,16500000.0,2020.0,0,1,0,0,1,0,0,1,0,0,0,1
797,Ricardo Pereira,26,15,10,959,10.7,0,1,175.0,33000000.0,2020.0,0,0,1,1,0,0,0,1,0,0,1,0
798,Ayoze Pérez,27,25,15,1331,14.8,2,1,178.0,19800000.0,2020.0,0,0,1,0,1,0,0,1,0,0,1,0
799,Kalvin Phillips,24,29,28,2428,27.0,1,2,178.0,33000000.0,2020.0,0,0,1,0,0,0,1,1,0,1,0,0
800,Matt Phillips,29,33,20,1828,20.3,2,1,183.0,4400000.0,2020.0,0,0,1,0,1,0,0,1,0,1,0,0
801,Nathaniel Phillips,23,17,15,1456,16.2,1,1,190.0,8800000.0,2020.0,0,0,1,1,0,0,0,0,1,1,0,0
802,Jordan Pickford,26,31,31,2742,30.5,0,0,185.0,24200000.0,2020.0,0,1,0,0,0,1,0,1,0,1,0,0
803,Erik Pieters,31,20,13,1266,14.1,0,1,183.0,1650000.0,2020.0,0,1,0,0,0,0,1,1,0,0,1,0
804,Daniel Podence,24,24,22,1661,18.5,3,2,165.0,27500000.0,2020.0,0,0,1,0,1,0,0,1,0,0,1,0
805,Paul Pogba,27,26,21,1897,21.1,3,3,191.0,66000000.0,2020.0,1,0,0,0,1,0,0,0,1,0,1,0
806,Nick Pope,28,32,32,2880,32.0,0,0,198.0,16500000.0,2020.0,0,0,1,0,0,1,0,1,0,1,0,0
807,Dennis Praet,26,15,10,718,8.0,1,1,181.0,19800000.0,2020.0,0,0,1,0,1,0,0,1,0,0,1,0
808,Davy Pröpper,28,7,2,213,2.4,0,0,185.0,8800000.0,2020.0,0,0,1,0,0,0,1,1,0,0,1,0
809,Christian Pulisic,21,27,18,1738,19.3,4,2,177.0,55000000.0,2020.0,0,0,1,0,0,0,1,0,1,0,0,1
810,Aaron Ramsdale,22,38,38,3420,38.0,0,0,191.0,13200000.0,2020.0,0,0,1,0,0,1,0,1,0,1,0,0
811,Aaron Ramsdale,22,38,38,3420,38.0,0,0,191.0,13750000.0,2020.0,0,0,1,0,0,1,0,1,0,1,0,0
812,Jacob Ramsey,19,22,6,626,7.0,0,0,180.0,5500000.0,2020.0,0,0,1,0,1,0,0,1,0,1,0,0
813,Darren Randolph,33,3,3,270,3.0,0,0,187.0,1650000.0,2020.0,0,0,1,0,0,1,0,1,0,1,0,0
814,Marcus Rashford,22,37,33,2920,32.4,11,9,185.0,93500000.0,2020.0,0,0,1,0,1,0,0,0,1,1,0,0
815,Tim Ream,32,7,7,630,7.0,0,0,186.0,660000.0,2020.0,0,1,0,1,0,0,0,1,0,0,0,1
816,Nathan Redmond,26,29,17,1738,19.3,2,3,173.0,19800000.0,2020.0,0,0,1,0,1,0,0,1,0,1,0,0
817,Harrison Reed,25,31,26,2247,25.0,0,2,181.0,11000000.0,2020.0,0,0,1,0,0,0,1,1,0,1,0,0
818,Sergio Reguilón,23,27,26,2244,24.9,0,3,178.0,27500000.0,2020.0,0,1,0,1,0,0,0,0,1,0,1,0
819,Bobby Reid,27,33,28,2372,26.4,5,2,170.0,11000000.0,2020.0,0,0,1,1,0,0,0,1,0,0,0,1
820,Declan Rice,21,32,32,2879,32.0,2,1,185.0,71500000.0,2020.0,0,0,1,0,0,0,1,1,0,1,0,0
821,Lewis Richardson,17,2,0,4,0.0,0,0,182.24392819429778,220000.0,2020.0,0,0,1,0,0,0,1,1,0,1,0,0
822,Richarlison,23,34,33,2861,31.8,7,3,184.0,60500000.0,2020.0,0,0,1,0,1,0,0,1,0,0,0,1
823,Matt Ritchie,30,18,15,1350,15.0,0,2,173.0,3300000.0,2020.0,0,1,0,0,0,0,1,1,0,1,0,0
824,Tyler Roberts,21,27,14,1340,14.9,1,2,180.0,6600000.0,2020.0,0,0,1,0,1,0,0,1,0,1,0,0
825,Andrew Robertson,26,38,38,3383,37.6,1,7,178.0,71500000.0,2020.0,0,1,0,1,0,0,0,0,1,1,0,0
826,Antonee Robinson,22,28,24,2162,24.0,0,0,183.0,7700000.0,2020.0,0,1,0,1,0,0,0,1,0,0,0,1
827,Callum Robinson,25,28,20,1560,17.3,5,0,178.0,6600000.0,2020.0,0,0,1,0,0,0,1,1,0,1,0,0
828,Jack Robinson,26,11,9,877,9.7,0,1,180.0,2200000.0,2020.0,0,1,0,1,0,0,0,1,0,1,0,0
829,Hal Robson-Kanu,31,19,2,561,6.2,2,0,183.0,1650000.0,2020.0,0,1,0,0,0,0,1,1,0,1,0,0
830,Joe Rodon,22,12,8,733,8.1,0,0,193.0,11000000.0,2020.0,0,0,1,1,0,0,0,0,1,1,0,0
831,Rodri,24,34,31,2748,30.5,2,2,191.0,77000000.0,2020.0,0,0,1,0,0,0,1,0,1,0,1,0
832,Rodrigo,29,26,14,1288,14.3,7,2,182.0,19800000.0,2020.0,0,1,0,0,1,0,0,1,0,0,1,0
833,James Rodríguez,29,23,21,1764,19.6,6,4,181.0,30800000.0,2020.0,0,1,0,0,0,0,1,1,0,0,0,1
834,Oriol Romeu,28,21,20,1763,19.6,1,1,183.0,6600000.0,2020.0,0,0,1,0,0,0,1,1,0,0,1,0
835,John Ruddy,33,2,1,91,1.0,0,0,192.0,880000.0,2020.0,0,0,1,0,0,1,0,1,0,1,0,0
836,Antonio Rüdiger,27,19,19,1710,19.0,1,0,190.0,30800000.0,2020.0,0,0,1,1,0,0,0,0,1,0,1,0
837,Mathew Ryan,28,11,11,990,11.0,0,0,184.0,6600000.0,2020.0,0,0,1,0,0,1,0,1,0,0,0,1
838,Mathew Ryan,28,11,11,990,11.0,0,0,184.0,6600000.0,2020.0,0,0,1,0,0,1,0,1,0,0,0,1
839,Mathew Ryan,28,3,3,270,3.0,0,0,184.0,6600000.0,2020.0,0,0,1,0,0,1,0,0,1,0,0,1
840,Mathew Ryan,28,3,3,270,3.0,0,0,184.0,6600000.0,2020.0,0,0,1,0,0,1,0,0,1,0,0,1
841,Allan Saint-Maximin,23,25,19,1560,17.3,3,4,173.0,33000000.0,2020.0,0,0,1,0,0,0,1,1,0,0,1,0
842,Romain Saïss,30,27,27,2407,26.7,3,0,188.0,11000000.0,2020.0,0,1,0,1,0,0,0,1,0,0,0,1
843,Bukayo Saka,18,32,30,2553,28.4,5,3,178.0,71500000.0,2020.0,0,1,0,1,0,0,0,0,1,1,0,0
844,Mamadou Sakho,30,4,3,276,3.1,0,0,187.0,6600000.0,2020.0,0,1,0,1,0,0,0,1,0,0,1,0
845,Mohamed Salah,28,37,34,3078,34.2,22,5,175.0,110000000.0,2020.0,0,1,0,0,1,0,0,0,1,0,0,1
846,Mohammed Salisu,21,12,8,844,9.4,0,0,191.0,11000000.0,2020.0,0,1,0,1,0,0,0,1,0,0,0,1
847,Davinson Sánchez,24,18,17,1486,16.5,0,0,187.0,35200000.0,2020.0,0,0,1,1,0,0,0,0,1,0,0,1
848,Robert Sánchez,22,27,27,2430,27.0,0,0,182.24392819429778,8800000.0,2020.0,0,0,1,0,0,1,0,1,0,0,1,0
849,Morgan Sanson,25,9,3,294,3.3,0,0,180.0,17600000.0,2020.0,0,0,1,0,0,0,1,1,0,0,1,0
850,Romaine Sawyers,28,19,17,1487,16.5,0,0,175.0,2200000.0,2020.0,0,0,1,0,0,0,1,1,0,0,0,1
851,Dane Scarlett,16,1,0,1,0.0,0,0,180.0,275000.0,2020.0,0,0,1,0,1,0,0,0,1,1,0,0
852,Fabian Schär,28,18,13,1246,13.8,1,0,186.0,9900000.0,2020.0,0,0,1,1,0,0,0,1,0,0,1,0
853,Jeffrey Schlupp,27,27,15,1428,15.9,2,3,178.0,9900000.0,2020.0,0,1,0,0,0,0,1,1,0,0,0,1
854,Kasper Schmeichel,33,38,38,3420,38.0,0,0,189.0,6600000.0,2020.0,0,0,1,0,0,1,0,1,0,0,1,0
855,Nélson Semedo,26,34,34,2983,33.1,1,1,177.0,30800000.0,2020.0,0,0,1,1,0,0,0,1,0,0,1,0
856,Femi Seriki,18,1,0,1,0.0,0,0,182.24392819429778,220000.0,2020.0,0,0,1,1,0,0,0,1,0,1,0,0
857,Jamie Shackleton,20,13,3,461,5.1,0,0,168.0,2750000.0,2020.0,0,0,1,1,0,0,0,1,0,1,0,0
858,Xherdan Shaqiri,28,14,5,556,6.2,0,2,169.0,13200000.0,2020.0,0,1,0,0,1,0,0,0,1,0,1,0
859,Billy Sharp,34,16,7,735,8.2,3,0,175.0,550000.0,2020.0,0,0,1,0,1,0,0,1,0,1,0,0
860,Luke Shaw,25,32,30,2654,29.5,1,5,178.0,38500000.0,2020.0,0,1,0,1,0,0,0,0,1,1,0,0
861,Jonjo Shelvey,28,30,29,2617,29.1,1,3,184.0,14300000.0,2020.0,0,0,1,0,0,0,1,1,0,1,0,0
862,Shola Shoretire,16,2,0,11,0.1,0,0,171.0,3300000.0,2020.0,0,0,1,0,1,0,0,0,1,1,0,0
863,Bernardo Silva,25,26,24,2065,22.9,2,6,173.0,77000000.0,2020.0,0,1,0,0,1,0,0,0,1,0,1,0
864,Fábio Silva,18,32,11,1369,15.2,4,3,185.0,27500000.0,2020.0,0,0,1,0,1,0,0,1,0,0,1,0
865,Thiago Silva,35,23,23,1935,21.5,2,0,181.0,3300000.0,2020.0,0,0,1,1,0,0,0,0,1,0,0,1
866,Moussa Sissoko,30,25,15,1585,17.6,0,0,187.0,11000000.0,2020.0,0,0,1,0,0,0,1,0,1,0,1,0
867,Islam Slimani,32,1,0,20,0.2,0,0,188.0,3300000.0,2020.0,0,0,1,0,1,0,0,1,0,0,0,1
868,Robert Snodgrass,32,3,0,5,0.1,0,0,182.0,1650000.0,2020.0,0,1,0,1,0,0,0,1,0,1,0,0
869,Robert Snodgrass,32,3,0,5,0.1,0,0,182.0,1650000.0,2020.0,0,1,0,1,0,0,0,1,0,1,0,0
870,Robert Snodgrass,32,8,6,526,5.8,0,0,182.0,1650000.0,2020.0,0,1,0,0,1,0,0,1,0,1,0,0
871,Robert Snodgrass,32,8,6,526,5.8,0,0,182.0,1650000.0,2020.0,0,1,0,0,1,0,0,1,0,1,0,0
872,Cédric Soares,28,10,8,746,8.3,0,1,171.0,6600000.0,2020.0,0,0,1,1,0,0,0,0,1,0,1,0
873,Zack Steffen,25,1,1,90,1.0,0,0,191.0,6600000.0,2020.0,0,0,1,0,0,1,0,0,1,0,0,1
874,Dale Stephens,31,7,3,261,2.9,0,0,185.0,2750000.0,2020.0,0,0,1,0,0,0,1,1,0,1,0,0
875,Dale Stephens,31,7,3,261,2.9,0,0,185.0,2750000.0,2020.0,0,0,1,0,0,0,1,1,0,1,0,0
876,Jack Stephens,26,18,17,1537,17.1,0,0,185.0,5500000.0,2020.0,0,0,1,1,0,0,0,1,0,1,0,0
877,Raheem Sterling,25,31,28,2536,28.2,10,7,170.0,99000000.0,2020.0,0,0,1,0,1,0,0,0,1,1,0,0
878,Enda Stevens,30,30,30,2700,30.0,0,1,183.0,3850000.0,2020.0,0,1,0,1,0,0,0,1,0,1,0,0
879,John Stones,26,22,22,1933,21.5,4,0,188.0,33000000.0,2020.0,0,0,1,1,0,0,0,0,1,1,0,0
880,Pascal Struijk,20,27,22,2075,23.1,1,0,190.0,9900000.0,2020.0,0,1,0,0,0,0,1,1,0,0,1,0
881,Japhet Tanganga,21,6,6,487,5.4,0,0,184.0,8800000.0,2020.0,0,0,1,1,0,0,0,0,1,1,0,0
882,Matt Targett,24,38,38,3404,37.8,0,2,183.0,18700000.0,2020.0,0,1,0,1,0,0,0,1,0,1,0,0
883,James Tarkowski,27,36,36,3240,36.0,1,0,185.0,27500000.0,2020.0,0,0,1,1,0,0,0,1,0,1,0,0
884,Percy Tau,26,3,1,103,1.1,0,1,175.0,3300000.0,2020.0,0,1,0,0,0,0,1,1,0,0,1,0
885,Sidnei Tavares,18,2,1,85,0.9,0,0,182.24392819429778,330000.0,2020.0,0,0,1,0,0,0,1,1,0,0,1,0
886,Charlie Taylor,26,29,28,2426,27.0,0,1,176.0,4400000.0,2020.0,0,1,0,1,0,0,0,1,0,1,0,0
887,Neil Taylor,31,1,0,16,0.2,0,0,176.0,1650000.0,2020.0,0,1,0,1,0,0,0,1,0,1,0,0
888,Allan Tchaptchet,18,1,0,13,0.1,0,0,182.24392819429778,165000.0,2020.0,0,0,1,1,0,0,0,1,0,0,1,0
889,Nathan Tella,21,18,7,745,8.3,1,1,173.0,2200000.0,2020.0,0,0,1,0,0,0,1,1,0,1,0,0
890,Alex Telles,27,9,8,690,7.7,0,2,181.0,22000000.0,2020.0,0,1,0,1,0,0,0,0,1,0,0,1
891,Kenny Tete,24,22,18,1481,16.5,0,1,180.0,5500000.0,2020.0,0,0,1,1,0,0,0,1,0,0,1,0
892,Luke Thomas,19,14,12,969,10.8,1,0,181.0,5500000.0,2020.0,0,1,0,1,0,0,0,1,0,1,0,0
893,Youri Tielemans,23,38,37,3357,37.3,6,4,176.0,60500000.0,2020.0,0,0,1,0,0,0,1,1,0,0,1,0
894,Kieran Tierney,23,27,26,2299,25.5,1,3,180.0,35200000.0,2020.0,0,1,0,1,0,0,0,0,1,1,0,0
895,James Tomkins,31,8,6,553,6.1,0,0,192.0,2750000.0,2020.0,0,0,1,1,0,0,0,1,0,1,0,0
896,Fikayo Tomori,22,1,0,45,0.5,0,0,184.0,30800000.0,2020.0,0,0,1,1,0,0,0,0,1,1,0,0
897,Cenk Tosun,29,5,0,48,0.5,0,0,183.0,5500000.0,2020.0,0,0,1,0,1,0,0,1,0,0,1,0
898,Andros Townsend,29,34,25,2258,25.1,1,5,181.0,7700000.0,2020.0,0,1,0,0,1,0,0,1,0,1,0,0
899,Conor Townsend,27,25,25,2234,24.8,0,2,168.0,2200000.0,2020.0,0,1,0,1,0,0,0,1,0,1,0,0
900,Adama Traoré,24,37,28,2649,29.4,2,2,178.0,33000000.0,2020.0,0,0,1,0,1,0,0,1,0,0,1,0
901,Bertrand Traoré,24,36,29,2317,25.7,7,6,181.0,22000000.0,2020.0,0,1,0,0,1,0,0,1,0,0,0,1
902,Leandro Trossard,25,35,30,2607,29.0,5,5,172.0,18700000.0,2020.0,0,0,1,0,0,0,1,1,0,0,1,0
903,Axel Tuanzebe,22,9,4,404,4.5,0,0,185.0,8800000.0,2020.0,0,0,1,1,0,0,0,0,1,1,0,0
904,Cengiz Ünder,23,9,1,281,3.1,0,2,173.0,19800000.0,2020.0,0,1,0,0,1,0,0,1,0,0,1,0
905,Yan Valery,21,3,1,103,1.1,0,0,180.0,3300000.0,2020.0,0,0,1,0,0,0,1,1,0,0,1,0
906,Jamie Vardy,33,34,31,2840,31.6,15,9,179.0,7700000.0,2020.0,0,0,1,0,1,0,0,1,0,1,0,0
907,Joël Veltman,28,28,25,2281,25.3,1,1,184.0,6600000.0,2020.0,0,0,1,1,0,0,0,1,0,0,1,0
908,Jannik Vestergaard,27,30,29,2574,28.6,3,0,199.0,19800000.0,2020.0,1,0,0,1,0,0,0,1,0,0,1,0
909,Rúben Vinagre,21,2,1,173,1.9,0,0,174.0,5500000.0,2020.0,0,1,0,1,0,0,0,1,0,0,1,0
910,Carlos Vinícius,25,9,3,308,3.4,1,0,190.0,19800000.0,2020.0,0,1,0,0,1,0,0,0,1,0,0,1
911,João Virgínia,20,1,0,48,0.5,0,0,192.0,1100000.0,2020.0,0,0,1,0,0,1,0,1,0,0,1,0
912,Vitinha,20,19,5,520,5.8,0,1,172.0,7700000.0,2020.0,0,0,1,0,0,0,1,1,0,0,1,0
913,Jake Vokins,20,1,1,66,0.7,0,0,180.0,275000.0,2020.0,0,1,0,1,0,0,0,1,0,1,0,0
914,Theo Walcott,31,21,20,1618,18.0,3,3,175.0,5500000.0,2020.0,1,0,0,0,1,0,0,1,0,1,0,0
915,Theo Walcott,31,21,20,1618,18.0,3,3,175.0,5500000.0,2020.0,1,0,0,0,1,0,0,1,0,1,0,0
916,Theo Walcott,31,1,0,13,0.1,0,0,175.0,5500000.0,2020.0,1,0,0,0,1,0,0,1,0,1,0,0
917,Theo Walcott,31,1,0,13,0.1,0,0,175.0,5500000.0,2020.0,1,0,0,0,1,0,0,1,0,1,0,0
918,Kyle Walker,30,24,22,1946,21.6,1,1,183.0,30800000.0,2020.0,0,0,1,1,0,0,0,0,1,1,0,0
919,Kyle Walker-Peters,23,30,30,2645,29.4,0,2,173.0,19800000.0,2020.0,0,0,1,1,0,0,0,1,0,1,0,0
920,Aaron Wan-Bissaka,22,34,34,3060,34.0,2,4,183.0,44000000.0,2020.0,0,0,1,1,0,0,0,0,1,1,0,0
921,Joel Ward,30,26,25,2256,25.1,0,1,186.0,2750000.0,2020.0,0,0,1,1,0,0,0,1,0,1,0,0
922,James Ward-Prowse,25,38,38,3420,38.0,8,7,177.0,33000000.0,2020.0,0,0,1,0,0,0,1,1,0,1,0,0
923,Ollie Watkins,24,37,37,3328,37.0,14,5,180.0,35200000.0,2020.0,0,0,1,0,1,0,0,1,0,1,0,0
924,Caleb Watts,18,3,0,39,0.4,0,0,182.24392819429778,275000.0,2020.0,0,0,1,0,1,0,0,1,0,0,0,1
925,Adam Webster,25,29,29,2594,28.8,1,0,190.0,19800000.0,2020.0,0,0,1,1,0,0,0,1,0,1,0,0
926,Danny Welbeck,29,24,17,1545,17.2,6,1,185.0,4400000.0,2020.0,0,0,1,0,1,0,0,1,0,1,0,0
927,Danny Welbeck,29,24,17,1545,17.2,6,1,185.0,6050000.0,2020.0,0,0,1,0,1,0,0,1,0,1,0,0
928,Timo Werner,24,35,29,2602,28.9,6,8,180.0,71500000.0,2020.0,0,0,1,0,1,0,0,0,1,0,1,0
929,Ashley Westwood,30,38,38,3410,37.9,3,3,174.0,5500000.0,2020.0,0,0,1,0,0,0,1,1,0,1,0,0
930,Ben White,22,36,36,3191,35.5,0,0,186.0,30800000.0,2020.0,0,0,1,0,0,0,1,1,0,1,0,0
931,Georginio Wijnaldum,29,38,34,2941,32.7,2,0,175.0,33000000.0,2020.0,0,0,1,0,0,0,1,0,1,0,1,0
932,Brandon Williams,19,4,2,188,2.1,0,0,180.0,11000000.0,2020.0,0,0,1,1,0,0,0,0,1,1,0,0
933,Neco Williams,19,6,3,249,2.8,0,0,183.0,8800000.0,2020.0,0,0,1,1,0,0,0,0,1,1,0,0
934,Rhys Williams,19,9,7,661,7.3,0,0,195.0,5500000.0,2020.0,0,0,1,1,0,0,0,0,1,1,0,0
935,Willian,31,25,16,1406,15.6,1,5,175.0,9900000.0,2020.0,0,0,1,0,0,0,1,0,1,0,0,1
936,Joe Willock,20,7,2,238,2.6,0,0,186.0,17600000.0,2020.0,0,0,1,0,0,0,1,0,1,1,0,0
937,Joe Willock,20,7,2,238,2.6,0,0,186.0,17600000.0,2020.0,0,0,1,0,0,0,1,0,1,1,0,0
938,Joe Willock,20,14,11,978,10.9,8,0,186.0,17600000.0,2020.0,0,0,1,0,0,0,1,1,0,1,0,0
939,Joe Willock,20,14,11,978,10.9,8,0,186.0,17600000.0,2020.0,0,0,1,0,0,0,1,1,0,1,0,0
940,Callum Wilson,28,26,23,2084,23.2,12,5,180.0,24200000.0,2020.0,0,0,1,0,1,0,0,1,0,1,0,0
941,Callum Wilson,28,26,23,2084,23.2,12,5,180.0,26400000.0,2020.0,0,0,1,0,1,0,0,1,0,1,0,0
942,Harry Winks,24,15,9,861,9.6,0,0,178.0,22000000.0,2020.0,0,0,1,0,0,0,1,0,1,1,0,0
943,Chris Wood,28,33,32,2741,30.5,12,3,191.0,8800000.0,2020.0,0,0,1,0,1,0,0,1,0,0,0,1
944,Granit Xhaka,27,31,29,2522,28.0,1,2,186.0,24200000.0,2020.0,0,1,0,1,0,0,0,0,1,0,1,0
945,Andriy Yarmolenko,30,15,1,375,4.2,0,1,189.0,4400000.0,2020.0,0,1,0,0,0,0,1,1,0,0,1,0
946,DeAndre Yedlin,27,6,5,436,4.8,0,0,173.0,5500000.0,2020.0,0,0,1,1,0,0,0,1,0,0,0,1
947,Wilfried Zaha,27,30,29,2612,29.0,11,2,180.0,49500000.0,2020.0,0,0,1,0,1,0,0,1,0,0,0,1
948,Andi Zeqiri,21,9,0,171,1.9,0,0,185.0,2750000.0,2020.0,0,1,0,1,0,0,0,1,0,0,1,0
949,Oleksandr Zinchenko,23,20,15,1478,16.4,0,0,175.0,27500000.0,2020.0,0,1,0,1,0,0,0,0,1,0,1,0
950,Hakim Ziyech,27,23,15,1172,13.0,2,3,181.0,41800000.0,2020.0,0,1,0,0,0,0,1,0,1,0,0,1
951,Kurt Zouma,25,24,22,2029,22.5,5,0,190.0,35200000.0,2020.0,0,0,1,1,0,0,0,0,1,0,1,0
952,Martin Ødegaard,21,14,9,866,9.6,1,2,178.0,44000000.0,2020.0,0,1,0,0,0,0,1,0,1,0,1,0
